ticker,name,sector,industry,cik,data_available,current_period_end,current_form,prior_period_end,prior_form,current_prob,prior_prob,delta_prob,lr_current_prob,lr_prior_prob,rf_current_prob,rf_prior_prob,current_debt_to_equity,current_current_ratio,current_return_on_assets,current_interest_coverage,current_net_margin,current_z_x1,current_z_x2,current_z_x3,current_z_x4,current_z_x5,risk_bucket,delta_arrow,refresh_utc
MMM,3M,Industrials,Industrial Conglomerates,0000066740,True,2026-06-30,10-Q,2026-03-31,10-Q,0.05907783063914403,0.06128657272156596,-0.00220874208242193,0.05907783063914403,0.06128657272156596,0.191022869162256,0.17446894561713922,10.812669376693767,1.2401792776166622,0.09305921429389531,4.914012738853503,0.13027096360429694,0.07825564082006643,1.1062020387126332,0.13254495475890504,0.09248410037908456,0.7143511625243386,🟢 Low,➡️,2026-10-05T00:24Z
AOS,A. O. Smith,Industrials,Building Products,0000091142,True,2026-06-30,10-Q,2026-03-31,10-Q,0.010464130156014393,0.010671536051455866,-0.0002074058954414735,0.010464130156014393,0.010671536051455866,0.029495902175833977,0.029495902175833977,0.9786633367718117,1.593782264540553,0.14986966662093565,53.97037037037037,,0.14202222527095623,1.1235834819591164,0.19991768418164357,1.0218018417840897,,🟢 Low,➡️,2026-10-05T00:24Z
ABT,Abbott Laboratories,Health Care,Health Care Equipment,0000001800,True,2026-03-31,10-Q,2025-12-31,10-K,0.10691506361497859,0.06895207135550797,0.03796299225947061,0.10691506361497859,0.06895207135550797,0.027478385092167285,0.027336414402387765,,1.3880393970724274,0.059078684041329724,12.642072213500786,,0.0645754285559047,0.45238116799029243,0.07292468463899882,,,🟢 Low,🔺,2026-10-05T00:24Z
ABBV,AbbVie,Health Care,Biotechnology,0001551152,True,2026-06-30,10-Q,2026-03-31,10-Q,0.23825265944397514,0.24080441660844085,-0.0025517571644657067,0.23825265944397514,0.24080441660844085,0.03547904921977083,0.03549324080601594,,0.8085346525142885,0.031277060281982016,5.210853784998272,0.06909744931327665,-0.05900899233985864,-0.12828331421381786,0.11157162417200163,,0.45265144506531474,🟢 Low,➡️,2026-10-05T00:24Z
ACN,Accenture,Information Technology,IT Consulting & Other Services,0001467373,True,2026-05-31,10-Q,2026-02-28,10-Q,0.06786574363364864,0.06678517814520048,0.0010805654884481625,0.06786574363364864,0.06678517814520048,0.0282685557357443,0.0282685557357443,,1.3391735715872017,0.11159448878719574,44.7404957231301,0.11020675921455172,0.10651946403773907,0.34918170085553324,0.1486146648137232,,1.0125920549931278,🟢 Low,➡️,2026-10-05T00:24Z
ADBE,Adobe Inc.,Information Technology,Application Software,0000796343,True,2026-08-28,10-Q,2026-05-29,10-Q,0.0018781535890757017,0.0020991833415617543,-0.0002210297524860526,0.0018781535890757017,0.0020991833415617543,0.03266366073350677,0.03267889317621251,1.5485379122747365,0.7703566621803499,0.23781728428004403,77.04424778761062,0.2999705498758888,-0.09105766985757646,1.6875354391114372,0.29038390980954604,0.6457704342098041,0.7928021080017345,🟢 Low,➡️,2026-10-05T00:24Z
AMD,Advanced Micro Devices,Information Technology,Semiconductors,0000002488,True,2026-06-27,10-Q,2026-03-28,10-Q,0.24601063365676853,0.2363819582339662,0.009628675422802324,0.24601063365676853,0.2363819582339662,0.03297731016068437,0.02837848720689093,,2.6092210909692906,0.051323640841068385,28.198473282442748,,0.23016906611100588,0.06995879901496496,0.04373460882742944,,,🟢 Low,➡️,2026-10-05T00:24Z
AES,AES Corporation,Utilities,Independent Power Producers & Energy Traders,0000874761,True,2026-06-30,10-Q,2026-03-31,10-Q,0.24827771598838885,0.25037450063525707,-0.002096784646868216,0.24827771598838885,0.25037450063525707,0.04333987023972582,0.04333987023972582,,0.7464443926323152,0.01677790478999963,,0.07438894792773645,-0.04010103617390022,0.026346841697702718,,,0.22554297724842362,🟢 Low,➡️,2026-10-05T00:24Z
AFL,Aflac,Financials,Life & Health Insurance,0000004977,True,2026-06-30,10-Q,2026-03-31,10-Q,0.23528169800064058,0.23802338487536098,-0.0027416868747204004,0.23528169800064058,0.23802338487536098,0.09950421646923156,0.10040511491061205,2.8255806281340723,,0.031441605367321775,21.317948717948717,0.21242134700536006,,0.48480092444873707,0.03584825932856736,0.3539095611157165,0.14801528099964642,🟢 Low,➡️,2026-10-05T00:24Z
A,Agilent Technologies,Health Care,Life Sciences Tools & Services,0001090872,True,2026-07-31,10-Q,2026-04-30,10-Q,0.12864885194653156,0.11365517284552193,0.014993679101009627,0.12864885194653156,0.11365517284552193,0.027786034072909277,0.027786034072909277,0.8969170175200326,2.0502402795980776,0.09329132956254027,13.205357142857142,0.2913685152057245,0.17211999713610654,0.13689410753919953,0.10589246080045822,1.1149303452453059,0.32018328918164246,🟢 Low,➡️,2026-10-05T00:24Z
APD,Air Products,Materials,Industrial Gases,0000002969,True,2026-06-30,10-Q,2026-03-31,10-Q,0.42720250055054565,0.4152141719848931,0.011988328565652573,0.42720250055054565,0.4152141719848931,0.4463957190803136,0.39661248373325897,1.7177717915844366,1.084846895285555,-0.009753842197915225,-4.940845070422535,-0.03277313018700207,0.009598077417568289,0.4029981011531539,-0.021683446407025735,0.5821495060630965,0.29761704610637496,🟡 Medium,➡️,2026-10-05T00:24Z
ABNB,Airbnb,Consumer Discretionary,"Hotels, Resorts & Cruise Lines",0001559720,True,2026-06-30,10-Q,2026-03-31,10-Q,0.2817796353925608,0.26001140789089144,0.021768227501669346,0.2817796353925608,0.26001140789089144,0.1134990805169353,0.10314531721199947,2.68688293370945,1.4083020119389786,0.08732698059400432,,,0.25690338735480284,-0.23137650413855462,0.088474647005634,0.3721784776902887,,🟢 Low,🔺,2026-10-05T00:24Z
AKAM,Akamai Technologies,Information Technology,Internet Services & Infrastructure,0001086222,True,2026-06-30,10-Q,2026-03-31,10-Q,0.30587198013065325,0.2641912875567008,0.04168069257395246,0.30587198013065325,0.2641912875567008,0.04418565449257548,0.02761884026008442,2.1743426421343757,1.6366517329357575,0.029988615722244854,32.01445592636512,0.18059597378501605,0.12000375495408475,0.23953767625396227,0.03761216764344124,0.45990911488466285,0.16605362286727232,🟢 Low,🔺,2026-10-05T00:24Z
ALB,Albemarle Corporation,Materials,Specialty Chemicals,0000915913,True,2026-06-30,10-Q,2026-03-31,10-Q,0.397470501905075,0.4145311760027476,-0.01706067409767259,0.397470501905075,0.4145311760027476,0.4189015995614882,0.44419939917455925,,2.0856649569033894,-0.03210468092142801,,-0.09929117455640804,0.12908448519169485,0.3290655604383375,-0.023079648376825163,,0.3233387163044295,🟢 Low,➡️,2026-10-05T00:24Z
ARE,Alexandria Real Estate Equities,Real Estate,Office REITs,0001035443,True,2026-06-30,10-Q,2026-03-31,10-Q,0.4265411959003607,0.4195737642389774,0.006967431661383305,0.4265411959003607,0.4195737642389774,0.18729354749602653,0.19232313537617376,0.9937567088955261,,-0.0412786056547448,,,,,,1.0062825146724421,,🟡 Medium,➡️,2026-10-05T00:24Z
ALGN,Align Technology,Health Care,Health Care Supplies,0001097149,True,2026-06-30,10-Q,2026-03-31,10-Q,0.05873710583206909,0.05835220711421186,0.00038489871785723356,0.05873710583206909,0.05835220711421186,0.030426655907353124,0.030426655907353124,0.5162793302134719,1.3952914103920315,0.0639416939186276,10701.078431372549,1.0599933871659357,0.11756018350216382,0.4044456937902303,0.08504060953807985,1.9369359598156264,0.06032272907813707,🟢 Low,➡️,2026-10-05T00:24Z
ALLE,Allegion,Industrials,Building Products,0001579241,True,2026-06-30,10-Q,2026-03-31,10-Q,0.04068649656547294,0.040285990152137165,0.0004005064133357772,0.04068649656547294,0.040285990152137165,0.027336414402387765,0.027336414402387765,,1.9297568506368197,0.12009401581853454,8.509900990099009,0.26733659995017023,0.1348119683629309,0.4387218325623041,0.16033054767945082,,0.449223996418445,🟢 Low,➡️,2026-10-05T00:24Z
LNT,Alliant Energy,Utilities,Electric Utilities,0000352541,True,2026-03-31,10-Q,2025-12-31,10-K,0.18290574045825916,0.18866822132252625,-0.005762480864267089,0.18290574045825916,0.18866822132252625,0.04795550781613641,0.04919413409284227,,0.688413948256468,0.03264417845484222,2.001953125,0.1856946354883081,-0.02232700600491678,0.17450529964131706,0.04130899125458429,,0.17579494619755773,🟢 Low,➡️,2026-10-05T00:24Z
ALL,Allstate,Financials,Property & Casualty Insurance,0000899051,True,2026-06-30,10-Q,2026-03-31,10-Q,0.17224692864469723,0.1795192224119627,-0.007272293767265459,0.17224692864469723,0.1795192224119627,0.07747918870050459,0.08364769129211154,2.7027716778443827,,0.08241687774535894,,0.15190958114796485,,0.5410882041745487,,0.3699905575440831,0.5425390361986597,🟢 Low,➡️,2026-10-05T00:24Z
GOOGL,Alphabet Inc. (Class A),Communication Services,Interactive Media & Services,0001652044,True,2026-06-30,10-Q,2026-03-31,10-Q,0.02425611219314639,0.013267600765817804,0.010988511427328587,0.02425611219314639,0.013267600765817804,0.02761859471516115,0.02837060851717474,0.4395187984011991,2.723981254609035,0.1433540531658393,418.9577922077922,0.3280987796522654,0.23581020474347142,0.5351194110954324,0.13995811202592673,2.2752155394436295,0.4369234573739429,🟢 Low,➡️,2026-10-05T00:24Z
GOOG,Alphabet Inc. (Class C),Communication Services,Interactive Media & Services,0001652044,True,2026-06-30,10-Q,2026-03-31,10-Q,0.02425611219314639,0.013267600765817804,0.010988511427328587,0.02425611219314639,0.013267600765817804,0.02761859471516115,0.02837060851717474,0.4395187984011991,2.723981254609035,0.1433540531658393,418.9577922077922,0.3280987796522654,0.23581020474347142,0.5351194110954324,0.13995811202592673,2.2752155394436295,0.4369234573739429,🟢 Low,➡️,2026-10-05T00:24Z
MO,Altria,Consumer Staples,Tobacco,0000764180,True,2026-06-30,10-Q,2026-03-31,10-Q,0.005961267427411473,0.007613982755551307,-0.0016527153281398347,0.005961267427411473,0.007613982755551307,0.25171950417329053,0.23938955725468714,-13.490254872563717,0.5176319176319176,0.20815604961946427,8.615317667536988,,-0.11230299035177084,1.0901300413495536,0.29660813807155273,-0.074127583907535,,🟢 Low,➡️,2026-10-05T00:24Z
AMZN,Amazon,Consumer Discretionary,Broadline Retail,0001018724,True,2026-06-30,10-Q,2026-03-31,10-Q,0.117823184235071,0.09769441312547891,0.02012877110959209,0.117823184235071,0.09769441312547891,0.027336414402387765,0.027669172695736665,,1.0331158765552857,0.0708869031267084,25.133563796354494,,0.007292215218004379,0.3134447822329146,0.07299060226031291,,,🟢 Low,🔺,2026-10-05T00:24Z
AMCR,Amcor,Materials,Paper & Plastic Packaging Products & Materials,0001748790,True,2026-06-30,10-K,2026-03-31,10-Q,0.3590031943794322,0.3667115569698101,-0.007708362590377937,0.3590031943794322,0.3667115569698101,0.0379848357001205,0.04016744148275151,2.1453774385072095,1.2543375924680564,0.02981533899447365,2.809171597633136,0.21763085399449036,0.05097722064968325,0.012373635260816822,0.0511928831378892,0.46611844706254446,0.13699959563283462,🟢 Low,➡️,2026-10-05T00:24Z
AEE,Ameren,Utilities,Multi-Utilities,0001002910,True,2026-06-30,10-Q,2026-03-31,10-Q,0.23605365113294588,0.2356154096860725,0.0004382414468733775,0.23605365113294588,0.2356154096860725,0.08266193863772846,0.08335349803551602,,0.5311370028123744,0.010211652608559826,2.6108247422680413,0.05943857256506421,-0.04557169634489222,0.10834504842236801,0.03955795064042487,,0.17180178069353327,🟢 Low,➡️,2026-10-05T00:24Z
AEP,American Electric Power,Utilities,Electric Utilities,0000004904,True,2026-03-31,10-Q,2025-12-31,10-K,0.3697075172295132,0.3664865447576245,0.003220972471888739,0.3697075172295132,0.3664865447576245,0.11724250625736066,0.10611668748255858,2.6643297283702214,0.525885342226457,0.01256622741475343,2.9437157562676406,0.06765405010056683,-0.05069793506317077,0.13411051487569622,0.045162002445319926,0.3753289201977651,0.18574242630077434,🟢 Low,➡️,2026-10-05T00:24Z
AXP,American Express,Financials,Consumer Finance,0000004962,True,2026-06-30,10-Q,2026-03-31,10-Q,0.43534314249741574,0.4364881418087407,-0.0011449993113249457,0.43534314249741574,0.4364881418087407,0.30999152229923616,0.30997107770260873,7.990752625437573,,0.03514891159398189,0.41480508103372754,0.3894101153887631,,0.08558969250786008,0.009217950506646594,0.12514465744022954,0.0902619377488214,🟡 Medium,➡️,2026-10-05T00:24Z
AIG,American International Group,Financials,Multi-line Insurance,0000005272,True,2026-06-30,10-Q,2026-03-31,10-Q,0.3216245375848976,0.32153230095724916,9.223662764845653e-05,0.3216245375848976,0.32153230095724916,0.0852478100337828,0.0852478100337828,3.025119440476777,,0.018939950080751725,,0.11563025210084034,,0.23484069886947584,,0.33056546019961247,0.16379753340184994,🟢 Low,➡️,2026-10-05T00:24Z
AMT,American Tower,Real Estate,Telecom Tower REITs,0001053507,True,2026-06-30,10-Q,2026-03-31,10-Q,0.44909713292088554,0.455294309987596,-0.006197177066710469,0.44909713292088554,0.455294309987596,0.18872545125582943,0.18839202620573872,14.261257628303358,0.3519981962685305,0.026707698724014656,3.4657416678586754,0.158822313661387,-0.09080712352745099,-0.07949908451961371,0.07655280165434178,0.07012004313107473,0.16816087178377284,🟡 Medium,➡️,2026-10-05T00:24Z
AWK,American Water Works,Utilities,Water Utilities,0001410636,True,2026-06-30,10-Q,2026-03-31,10-Q,0.1797618458419676,0.17766202035909887,0.0020998254828687446,0.1797618458419676,0.17766202035909887,0.029475482406744347,0.029407937770396006,,0.5227898439889874,0.030477601294817986,6.309222411002693,0.3689402150811868,-0.04279483170109456,0.0798562532576194,0.05154582613227992,,0.08260850958768826,🟢 Low,➡️,2026-10-05T00:24Z
AMP,Ameriprise Financial,Financials,Asset Management & Custody Banks,0000820027,True,2026-06-30,10-Q,2026-03-31,10-Q,0.4697261347839574,0.46090801509952767,0.008818119684429748,0.4697261347839574,0.46090801509952767,0.17930356242360346,0.17382884575985272,30.082469368520265,,0.01800668112052802,,0.1884088625667601,,0.14848057572863127,,0.033241951907260904,0.09557236785582526,🟡 Medium,➡️,2026-10-05T00:24Z
AME,Ametek,Industrials,Electrical Components & Equipment,0001037868,True,2026-06-30,10-Q,2026-03-31,10-Q,0.029619437956593313,0.03041437114791272,-0.0007949331913194059,0.029619437956593313,0.03041437114791272,0.02809686379063008,0.02809686379063008,0.4736757180663513,1.2137227967522732,0.08919358834346819,23.35493612078978,,0.034240001619793,0.7775415579648771,0.11511600110227878,2.111148960901396,,🟢 Low,➡️,2026-10-05T00:24Z
AMGN,Amgen,Health Care,Biotechnology,0000318154,True,2026-06-30,10-Q,2026-03-31,10-Q,0.17569307948336413,0.17981886862639596,-0.004125789143031827,0.17569307948336413,0.17981886862639596,0.04310232121934395,0.044264457513847534,,1.370912085326641,0.0806261044134715,,0.3032960981749528,0.09890316711801671,-0.2329070776566045,0.09494034860255754,,0.2658329760871611,🟢 Low,➡️,2026-10-05T00:24Z
APH,Amphenol,Information Technology,Electronic Components,0000820313,True,2026-06-30,10-Q,2026-03-31,10-Q,0.12845130167101446,0.12152840196926452,0.006922899701749932,0.12845130167101446,0.12152840196926452,0.02960372466902556,0.032003809413013486,1.883891915618787,1.8877728332273787,0.09530515593684859,42.06881720430108,,0.18699923671959043,0.2598925158347208,0.13097624010748415,0.5308160153506142,,🟢 Low,➡️,2026-10-05T00:24Z
ADI,Analog Devices,Information Technology,Semiconductors,0000006281,True,2026-08-01,10-Q,2026-05-02,10-Q,0.13551361172100695,0.1490874179747834,-0.013573806253776438,0.13551361172100695,0.1490874179747834,0.027558194489859893,0.027726006485021843,,1.250391159944373,0.04682228802052485,11.081034306853436,0.365644768165869,0.0292471461246503,0.25463969963747835,0.06055820971473957,,0.12805403521946376,🟢 Low,➡️,2026-10-05T00:24Z
AON,Aon plc,Financials,Insurance Brokers,0000315293,True,2026-06-30,10-Q,2026-03-31,10-Q,0.28429389565749486,0.2696822945934717,0.01461160106402315,0.28429389565749486,0.2696822945934717,0.107288385119113,0.10140200130900034,4.546468014169618,1.032615881877617,0.06926350122781037,8.975206611570249,0.34308263695450325,0.016645734530526552,0.0015371061165576321,0.08142913378446773,0.2199509590485139,0.2018857667722646,🟢 Low,➡️,2026-10-05T00:24Z
APA,APA Corporation,Energy,Oil & Gas Exploration & Production,0001841666,True,2026-06-30,10-Q,2026-03-31,10-Q,0.09281673281742663,0.09870463449529257,-0.005887901677865945,0.09281673281742663,0.09870463449529257,0.029262308775090586,0.028562143282566437,,0.9459908599916909,0.07978634618594559,,,-0.007233071829967173,0.021365381405441496,0.17175763645468203,,,🟢 Low,➡️,2026-10-05T00:24Z
APO,Apollo Global Management,Financials,Asset Management & Custody Banks,0001858681,True,2026-06-30,10-Q,2026-03-31,10-Q,0.5171050851314346,0.5170847553203591,2.032981107547016e-05,0.5171050851314346,0.5170847553203591,0.26639580933137835,0.2633936819947908,21.544606302961057,,0.007068139128181877,,0.10895815782083684,,0.01244615907766047,,0.04641532947680559,0.06487021503983419,🟡 Medium,➡️,2026-10-05T00:24Z
AAPL,Apple Inc.,Information Technology,"Technology Hardware, Storage & Peripherals",0000320193,True,2026-06-27,10-Q,2026-03-28,10-Q,0.011903613873796175,0.010010638001508082,0.0018929758722880923,0.011903613873796175,0.010010638001508082,0.07831312860001806,0.0738060751425647,2.5646019345238096,1.0032948046555858,0.29225133458224833,33.82913806254767,0.42173233682863004,0.0012837037462232496,0.029551277702692124,0.34714793381098247,0.3899240605484758,0.692978244874317,🟢 Low,➡️,2026-10-05T00:24Z
AMAT,Applied Materials,Information Technology,Semiconductor Materials & Equipment,0000006951,True,2026-07-26,10-Q,2026-04-26,10-Q,0.004089837579001782,0.003102950179546401,0.0009868873994553812,0.004089837579001782,0.003102950179546401,0.029747663258842694,0.029462264216759477,0.6983532349957075,2.422998937916385,0.16079224300353845,34.82773109243698,0.479052573932092,0.3386333348651257,1.4105739625936309,0.19045540186572307,1.4319400983459991,0.3356463397821791,🟢 Low,➡️,2026-10-05T00:24Z
APP,AppLovin,Communication Services,Advertising,0001751008,True,2026-06-30,10-Q,2026-03-31,10-Q,0.0010795956046825335,0.0006783632674567645,0.00040123233722576897,0.0010795956046825335,0.0006783632674567645,0.032582405188432396,0.06715412250997105,1.6143184226700087,4.300236531048089,0.40315614784673265,,0.6082691370490394,0.5004586334404425,0.3218902929461391,0.5020979834519492,0.6194564752262728,0.662792378062459,🟢 Low,➡️,2026-10-05T00:24Z
APTV,Aptiv,Consumer Discretionary,Automotive Parts & Equipment,0001521332,True,2026-06-30,10-Q,2026-03-31,10-Q,0.3636957940220861,0.40941006875401437,-0.04571427473192824,0.3636957940220861,0.40941006875401437,0.057102053392735115,0.06150460510675498,1.055980806580601,2.01781512605042,0.009168704156479218,3.2797783933518008,0.008089028336111383,0.1682596132473883,0.30995776839297623,0.06579239831073572,0.9469869090122255,1.1334741053567459,🟢 Low,🔻,2026-10-05T00:24Z
ACGL,Arch Capital Group,Financials,Property & Casualty Insurance,0000947484,True,2026-06-30,10-Q,2026-03-31,10-Q,0.22859680579101263,0.22217753842322133,0.006419267367791304,0.22859680579101263,0.22217753842322133,0.06832270441964887,0.061497085039622486,2.5446941323345817,,0.05164418459949049,,0.22073360429524813,,0.34197396071801733,,0.3929745376048668,0.23396611840946713,🟢 Low,➡️,2026-10-05T00:24Z
ADM,Archer Daniels Midland,Consumer Staples,Agricultural Products & Services,0000007084,True,2026-06-30,10-Q,2026-03-31,10-Q,0.25367148748520746,0.25754002896498873,-0.0038685414797812734,0.25367148748520746,0.25754002896498873,0.03275131628286358,0.03161406590344249,,1.3891165300819508,0.02013936891662152,,0.013429842155751286,0.14547798307396267,0.42354325854241787,,,1.499598333551292,🟢 Low,➡️,2026-10-05T00:24Z
ARES,Ares Management,Financials,Asset Management & Custody Banks,0001176948,True,2026-06-30,10-Q,2026-03-31,10-Q,0.46475083046308224,0.4596879404716472,0.00506288999143506,0.46475083046308224,0.4596879404716472,0.1310805565456273,0.12176240660719863,5.29311985943807,,0.01779740470573124,,0.11089242239389287,,-0.06259576201582652,,0.18892449567657482,0.16049252348834425,🟡 Medium,➡️,2026-10-05T00:24Z
ANET,Arista Networks,Information Technology,Communications Equipment,0001596532,True,2026-06-30,10-Q,2026-03-31,10-Q,0.02042120221524085,0.01631399324014596,0.004107208975094888,0.02042120221524085,0.01631399324014596,0.028245589882131137,0.028717860409211347,0.6029585678855498,2.9572040361375103,0.14803478906075437,1427.6564235468345,,0.5626030244391887,0.49252743453864023,0.16256676826826194,1.6584887474222183,,🟢 Low,➡️,2026-10-05T00:24Z
AJG,Arthur J. Gallagher & Co.,Financials,Insurance Brokers,0000354190,True,2026-06-30,10-Q,2026-03-31,10-Q,0.2996720262897027,0.2933220879335721,0.006349938356130569,0.2996720262897027,0.2933220879335721,0.07024012561853447,0.06481410514261311,2.4480752203061096,1.052787621893313,0.018262272638372774,,0.8678982223771349,0.02785791120672795,0.08053002151378838,,0.4084841804309261,0.02104195188734598,🟢 Low,➡️,2026-10-05T00:24Z
AIZ,Assurant,Financials,Multi-line Insurance,0001267238,True,2026-06-30,10-Q,2026-03-31,10-Q,0.39909929389626453,0.40223026371560616,-0.0031309698193416335,0.39909929389626453,0.40223026371560616,0.14182828319365784,0.14712842841146576,4.9170206136538805,,0.024186977223721918,,0.06810360300601671,,0.1422976935484765,,0.20337518968766155,0.3551497447438292,🟢 Low,➡️,2026-10-05T00:24Z
T,AT&T,Communication Services,Integrated Telecommunication Services,0000732717,True,2026-06-30,10-Q,2026-03-31,10-Q,0.19650146452958908,0.1951819922102348,0.0013194723193542812,0.19650146452958908,0.1951819922102348,0.02784861816711665,0.028198287509383455,,0.9710014611666854,0.0512490691219281,3.6041169451073984,0.17471826053737424,-0.003613791235855906,0.047373814954279,0.05640595855345633,,0.2933240576245626,🟢 Low,➡️,2026-10-05T00:24Z
ATO,Atmos Energy,Utilities,Gas Utilities,0000731802,True,2026-06-30,10-Q,2026-03-31,10-Q,0.16634495157291884,0.1682544824149513,-0.0019095308420324641,0.16634495157291884,0.1682544824149513,0.02891383619557374,0.027398014939135365,,0.8137406980684514,0.03795262129292776,11.363342341620472,0.25490462505488803,-0.010876243080733877,0.17700679415348905,0.04938877250123862,,0.14888949655093744,🟢 Low,➡️,2026-10-05T00:24Z
ADSK,Autodesk,Information Technology,Application Software,0000769397,True,2026-07-31,10-Q,2026-04-30,10-Q,0.1511257422884006,0.13634618042461064,0.014779561863789953,0.1511257422884006,0.13634618042461064,0.03004476189869674,0.030141350381938197,,0.8554616777308389,0.08657475159824386,19.725,,-0.07378880073942848,-0.09473927443580066,0.12154355695910037,,,🟢 Low,➡️,2026-10-05T00:24Z
ADP,Automatic Data Processing,Industrials,Human Resource & Employment Services,0000008670,True,2026-06-30,10-K,2026-03-31,10-Q,0.22852460005725028,0.2337289967815377,-0.005204396724287408,0.22852460005725028,0.2337289967815377,0.17278446954557622,0.17102821173674113,9.477732457885661,1.0506987520214932,0.06984126481763098,,0.2010944348761129,0.04013400154763242,0.4267446074188245,,0.10551046934944658,0.34730580615350043,🟢 Low,➡️,2026-10-05T00:24Z
AZO,AutoZone,Consumer Discretionary,Automotive Retail,0000866787,True,2026-05-09,10-Q,2026-02-14,10-Q,0.12609350544847137,0.128536882854998,-0.0024433774065266423,0.12609350544847137,0.128536882854998,0.03721187102182055,0.03786883709341089,,0.8903129379223149,0.11943926657198208,11.277473205444192,0.13191215645706095,-0.05262572357477457,-0.1792883433494468,0.17259878020485586,,0.9054454856922989,🟢 Low,➡️,2026-10-05T00:24Z
AVY,Avery Dennison,Materials,Paper & Plastic Packaging Products & Materials,0000008818,True,2026-06-30,10-Q,2026-03-31,10-Q,0.0777125072045691,0.07636336652733372,0.0013491406772353776,0.0777125072045691,0.07636336652733372,0.028175413583495557,0.028175413583495557,,1.131613976705491,0.07468276109114988,,,0.042931732574927,0.6343692671754068,,,,🟢 Low,➡️,2026-10-05T00:24Z
AXON,Axon Enterprise,Industrials,Aerospace & Defense,0001069183,True,2026-06-30,10-Q,2026-03-31,10-Q,0.4071404247063551,0.4077084796180457,-0.0005680549116905964,0.4071404247063551,0.4077084796180457,0.0633128175786023,0.06267403486644564,1.035945481022507,2.1489239663948245,0.016662663275212646,,,0.21473523413557555,0.15176917153322675,-0.008297647008343763,0.9653017637694332,,🟡 Medium,➡️,2026-10-05T00:24Z
BKR,Baker Hughes,Energy,Oil & Gas Equipment & Services,0001701605,True,2026-06-30,10-Q,2026-03-31,10-Q,0.20923891262660815,0.21219234809654147,-0.0029534354699333187,0.20923891262660815,0.21219234809654147,0.028467126024893413,0.02823105678346542,,2.0948695116103844,0.0491828202204485,,,0.3037628278221209,-0.031185860889395668,0.05855188141391106,,,🟢 Low,➡️,2026-10-05T00:24Z
BALL,Ball Corporation,Materials,"Metal, Glass & Plastic Containers",0000009389,True,2026-06-30,10-Q,2026-03-31,10-Q,0.20539129316480229,0.2029650645242432,0.0024262286405590805,0.20539129316480229,0.2029650645242432,0.07230120930089497,0.07230120930089497,2.4963452836756006,1.0691207201414563,0.02207856787667827,4.90180978051598,,0.02138239681750373,0.6234709099950273,0.0633018398806564,0.4005856107083101,,🟢 Low,➡️,2026-10-05T00:24Z
BAC,Bank of America,Financials,Diversified Banks,0000070858,True,2026-06-30,10-Q,2026-03-31,10-Q,0.4280686935755873,0.42883106646571223,-0.0007623728901249294,0.4280686935755873,0.42883106646571223,0.2603369705822562,0.2599050473714212,10.621589935369022,,0.008718872447945825,,0.2697595869032777,,0.07845241943066268,,0.09414786355760942,0.032320899316442,🟡 Medium,➡️,2026-10-05T00:24Z
BAX,Baxter International,Health Care,Health Care Equipment,0000010456,True,2026-06-30,10-Q,2026-03-31,10-Q,0.4096669511002558,0.41337568242500505,-0.003708731324749248,0.4096669511002558,0.41337568242500505,0.5281951106750234,0.599852510625628,2.193361263293587,1.9462545252018937,-0.048355313021070184,-1.0620689655172413,,0.17169420443635997,0.6975898135516144,-0.015562629478045577,0.45592124595944755,,🟡 Medium,➡️,2026-10-05T00:24Z
BDX,Becton Dickinson,Health Care,Health Care Equipment,0000010795,True,2026-06-30,10-Q,2026-03-31,10-Q,0.16880376468555572,0.16948758834195568,-0.0006838236563999622,0.16880376468555572,0.16948758834195568,0.030007701966186375,0.02837256592667156,,0.8654827732879625,0.03307642270012418,4.207177814029364,0.07683150183150184,-0.024935443811476218,0.34513413888943645,0.050836766474147956,,0.4305060022471467,🟢 Low,➡️,2026-10-05T00:24Z
BRK-B,Berkshire Hathaway,Financials,Multi-Sector Holdings,0001067983,True,2026-06-30,10-Q,2026-03-31,10-Q,0.11638764752236956,0.12275189993509533,-0.006364252412725771,0.11638764752236956,0.12275189993509533,0.036750069866083826,0.036750069866083826,0.6857696781698333,,0.053019980666169995,3.9611363188005524,0.18029097252883342,,0.6325527226893817,0.015896968578963496,1.4582155377134456,0.2940800635910412,🟢 Low,➡️,2026-10-05T00:24Z
BBY,Best Buy,Consumer Discretionary,Computer & Electronics Retail,0000764478,True,2026-08-01,10-Q,2026-05-02,10-Q,0.3675926455892433,0.37501112162378697,-0.007418476034543653,0.3675926455892433,0.37501112162378697,0.03266417528858142,0.032883509891411526,,1.1169427036705462,0.06636865958899857,29.5531914893617,0.02564102564102564,0.0648786242006581,0.17284410504749487,0.08623579810020487,,2.5883777239709445,🟢 Low,➡️,2026-10-05T00:24Z
TECH,Bio-Techne,Health Care,Life Sciences Tools & Services,0000842023,True,2026-06-30,10-K,2026-03-31,10-Q,0.2283761251707296,0.22602735139008837,0.0023487737806412445,0.2283761251707296,0.22602735139008837,0.028076145856970294,0.028076145856970294,,4.547348808796579,0.02837563777531907,22.460098082924656,0.06040958356069229,0.22449265983331826,0.44233057540690435,0.0973779209703695,,0.4697207976414974,🟢 Low,➡️,2026-10-05T00:24Z
BIIB,Biogen,Health Care,Biotechnology,0000875045,True,2026-03-31,10-Q,2025-12-31,10-K,0.08853656751483177,0.08236803546431598,0.00616853205051579,0.08853656751483177,0.08236803546431598,0.027729474469848848,0.027729474469848848,,3.064590349794925,0.043852240775223775,10.619439252336448,0.13072007764948537,0.21000166196906025,0.707937767738128,0.09635011243729459,,0.3354667589229084,🟢 Low,➡️,2026-10-05T00:24Z
BLK,BlackRock,Financials,Asset Management & Custody Banks,0002012383,True,2026-06-30,10-Q,2026-03-31,10-Q,0.3085547572450936,0.3034628046362442,0.005091952608849426,0.3085547572450936,0.3034628046362442,0.041097554213614294,0.04007814780392027,1.9324631593563952,,0.03157356076759062,,0.43403157730186026,,,0.04005685856432125,0.5174742893070463,0.07274484719260839,🟢 Low,➡️,2026-10-05T00:24Z
BX,Blackstone Inc.,Financials,Asset Management & Custody Banks,0001393818,True,2026-06-30,10-Q,2026-03-31,10-Q,0.3429207247045296,0.3456606983062351,-0.00273997360170547,0.3429207247045296,0.3456606983062351,0.08379030493215552,0.08762595464169413,3.046076989149644,,0.060514725542379154,,0.2089383135880207,,-0.000373725602909632,,0.3282911113415962,0.2896296256209886,🟢 Low,➡️,2026-10-05T00:24Z
XYZ,"Block, Inc.",Financials,Transaction & Payment Processing Services,0001512673,True,2026-06-30,10-Q,2026-03-31,10-Q,0.2733761661124736,0.28212996598428774,-0.008753799871814127,0.2733761661124736,0.28212996598428774,0.04340704432836492,0.04354042523031523,0.7776700537372871,2.2087963726872766,0.03334390028650804,29.404578313253012,0.05396598773324425,0.3234793707033339,0.08821205339055033,0.043630015802928274,1.285892384815708,0.6178688037978309,🟢 Low,➡️,2026-10-05T00:24Z
BE,Bloom Energy,Industrials,Electrical Components & Equipment,0001664703,True,2026-03-31,10-Q,2025-12-31,10-K,0.9189635473599794,0.9465308090821747,-0.027567261722195258,0.9189635473599794,0.9465308090821747,0.8520778897256841,0.8554172702210042,4.033473725106325,5.026075108921662,-0.06476603463995444,1.1629712460063897,-0.14926724091079321,0.6790816786998773,-0.8397604662564535,0.015606908782911075,0.24792525454560618,0.43389315863794015,🔴 High,🔻,2026-10-05T00:24Z
BNY,BNY Mellon,Financials,Asset Management & Custody Banks,0001390777,True,2026-06-30,10-Q,2026-03-31,10-Q,0.4195174564555175,0.42736778639177114,-0.00785032993625362,0.4195174564555175,0.42736778639177114,0.1964899806041499,0.25082620229511693,10.739544151889666,,0.010569141307266975,,0.27634462151394423,,0.09315281923130402,,0.09311382176533499,0.03824623489816559,🟡 Medium,➡️,2026-10-05T00:24Z
BA,Boeing,Industrials,Aerospace & Defense,0000012927,True,2026-06-30,10-Q,2026-03-31,10-Q,0.5862356364136763,0.5800010367746585,0.006234599639017735,0.5862356364136763,0.5800010367746585,0.28164789878485974,0.27430850421861747,26.189344262295084,1.1375190529649608,0.013474407668656176,,0.024982394956574228,0.09083619702176403,0.10027129679869777,0.025809368782781696,0.03818346843604269,0.539356122264424,🟡 Medium,➡️,2026-10-05T00:24Z
BKNG,Booking Holdings,Consumer Discretionary,"Hotels, Resorts & Cruise Lines",0001075531,True,2026-06-30,10-Q,2026-03-31,10-Q,0.02608997709323926,0.022141466632861317,0.003948510460377943,0.02608997709323926,0.022141466632861317,0.32121690691873356,0.26185041508627244,-3.7526662338866736,1.094252764463006,0.009725186982009299,9.83835005574136,0.010724189174127874,0.06690923792197291,1.4502392022100936,0.29731824001078094,-0.2664772025206969,0.9068458998719763,🟢 Low,➡️,2026-10-05T00:24Z
BSX,Boston Scientific,Health Care,Health Care Equipment,0000885725,True,2026-06-30,10-Q,2026-03-31,10-Q,0.16999379611213977,0.1900693225706607,-0.020075526458520926,0.16999379611213977,0.1900693225706607,0.027782362130837665,0.027782362130837665,,1.24019912881145,,10.35243553008596,,0.03414720452937013,0.17290339702760085,0.0799053432413305,,0.200725406935598,🟢 Low,🔻,2026-10-05T00:24Z
BMY,Bristol Myers Squibb,Health Care,Pharmaceuticals,0000014272,True,2026-06-30,10-Q,2026-03-31,10-Q,0.26155127072207096,0.2721429747047355,-0.010591703982664513,0.26155127072207096,0.2721429747047355,0.08465900000202475,0.10499575185905463,2.9264303956270443,1.5316469264162067,0.0804938722413675,,0.14636676764742498,0.1131980738069699,0.23182782938129037,,0.3417132358570007,0.5499463678480955,🟢 Low,➡️,2026-10-05T00:24Z
AVGO,Broadcom,Information Technology,Semiconductors,0001730168,True,2026-08-02,10-Q,2026-05-03,10-Q,0.13962795487806942,0.13965881275809638,-3.0857880026963214e-05,0.13962795487806942,0.13965881275809638,0.02776642414208759,0.02776642414208759,,2.503743161531817,0.03133171758402959,6.446749304325828,0.2827609363008442,0.16654442247592322,0.11773178561557922,0.13544656334375066,,0.11080638646172163,🟢 Low,➡️,2026-10-05T00:24Z
BR,Broadridge Financial Solutions,Industrials,Data Processing & Outsourced Services,0001383312,True,2026-06-30,10-K,2026-03-31,10-Q,0.06868991355611642,0.06794291775336318,0.0007469958027532392,0.06868991355611642,0.06794291775336318,0.03366733980564383,0.03482737015489438,2.149163879598662,1.2355810008481765,0.12568611449588052,,0.2713996041133588,0.03725979005734855,0.5090494449599231,0.14539478832459504,0.46529723000311235,0.4631035292276391,🟢 Low,➡️,2026-10-05T00:24Z
BRO,Brown & Brown,Financials,Insurance Brokers,0000079282,True,2026-06-30,10-Q,2026-03-31,10-Q,0.157907379135248,0.16064467443770966,-0.0027372953024616675,0.157907379135248,0.16064467443770966,0.027336414402387765,0.027398014939135365,,1.1269285621677687,0.035266169237461106,,0.1785835310064385,0.032756716967243284,0.2539565697460434,,,0.197477163984341,🟢 Low,➡️,2026-10-05T00:24Z
BF-B,Brown–Forman,Consumer Staples,Distillers & Vintners,0000014693,True,2026-07-31,10-Q,2026-04-30,10-K,0.06928642655855041,0.06962874406105422,-0.0003423175025038111,0.06928642655855041,0.06962874406105422,0.02810191979727393,0.02810191979727393,0.9715293524817334,3.262984336356142,0.09137380191693291,9.718446601941748,,0.35079872204472845,0.6341214057507987,0.12792332268370607,1.029304979253112,,🟢 Low,➡️,2026-10-05T00:24Z
BG,Bunge Global,Consumer Staples,Agricultural Products & Services,0001996862,True,2026-03-31,10-Q,2025-12-31,10-K,0.2940425338208977,0.3019530610485405,-0.00791052722764285,0.2940425338208977,0.3019530610485405,0.0382297690479897,0.03476665662257065,,1.599409681227863,0.017151504960484277,,0.011602610587382161,0.21342693795190854,0.2777871195560787,,,1.4782453337817387,🟢 Low,➡️,2026-10-05T00:24Z
BXP,"BXP, Inc.",Real Estate,Office REITs,0001037540,True,2026-06-30,10-Q,2026-03-31,10-Q,0.48964197641036683,0.4886981336658765,0.0009438427444903308,0.48964197641036683,0.4886981336658765,0.18256635712612387,0.18256635712612387,3.382294581432724,,0.010995528736564094,1.3903799809534891,0.07948817426748403,,-0.06862461229142013,0.03607351734451308,0.29565727523839885,0.13832911420965924,🟡 Medium,➡️,2026-10-05T00:24Z
CHRW,C.H. Robinson,Industrials,Air Freight & Logistics,0001043277,True,2026-06-30,10-Q,2026-03-31,10-Q,0.11412269419670057,0.09302592477956363,0.021096769417136937,0.11412269419670057,0.09302592477956363,0.09200745698505597,0.04332132900652719,2.5900607609557103,1.5815242929130977,0.10046725373431635,,0.03948254735570683,0.2240671952762605,1.0703788102553502,0.13604178724211116,0.3860913284640506,2.54459908144186,🟢 Low,🔺,2026-10-05T00:24Z
CDNS,Cadence Design Systems,Information Technology,Application Software,0000813672,True,2026-03-31,10-Q,2025-12-31,10-K,0.04739013683332764,0.033802903736686096,0.013587233096641546,0.04739013683332764,0.033802903736686096,0.027336414402387765,0.02761499729470955,,1.4706997615731363,0.09165610462381907,12.802721788898328,,0.08413475089255944,0.614663449259296,0.12332603261567648,,,🟢 Low,➡️,2026-10-05T00:24Z
CPT,Camden Property Trust,Real Estate,Multi-Family Residential REITs,0000906345,True,2026-06-30,10-Q,2026-03-31,10-Q,0.31453409648266833,0.29476789020288013,0.0197662062797882,0.31453409648266833,0.29476789020288013,0.028272872570979324,0.02776325365302591,1.4670129117303907,,0.04065765095049957,,,,,,0.6816572587765888,,🟢 Low,➡️,2026-10-05T00:24Z
COF,Capital One,Financials,Consumer Finance,0000927628,True,2026-06-30,10-Q,2026-03-31,10-Q,0.41562057255226326,0.41896141947125465,-0.0033408469189913914,0.41562057255226326,0.41896141947125465,0.2849369280727463,0.3039714569286195,4.921585686290018,,0.003640357060704772,,0.04590710034809298,,0.10276996594121707,,0.20318654672328146,0.07929834455022372,🟡 Medium,➡️,2026-10-05T00:24Z
CAH,Cardinal Health,Health Care,Health Care Distributors,0000721371,True,2026-06-30,10-K,2025-12-31,10-Q,0.8310034640554043,0.8254689561421288,0.005534507913275477,0.8310034640554043,0.8254689561421288,0.044775984398388695,0.0448050161553424,,0.8826758381924198,0.02991326201155343,7.508620689655173,0.006741449293603096,-0.08989685683868828,0.03506169392135988,0.045602890102794114,,4.4372153091677,🔴 High,➡️,2026-10-05T00:24Z
CCL,Carnival Corporation,Consumer Discretionary,"Hotels, Resorts & Cruise Lines",0000815097,True,2026-08-31,10-Q,2026-05-31,10-Q,0.1596877458913684,0.17170055338186646,-0.012012807490498073,0.1596877458913684,0.17170055338186646,0.030547925669749506,0.03128311465881684,,0.27422845691382763,0.05414843734672657,2.169893514036786,0.1461786981621736,-0.17763041729610957,0.13168272154754665,0.08795197269035333,,0.37042632084911026,🟢 Low,➡️,2026-10-05T00:24Z
CARR,Carrier Global,Industrials,Building Products,0001783180,True,2026-03-31,10-Q,2025-12-31,10-K,0.15504793244913595,0.15695409478950834,-0.001906162340372386,0.15504793244913595,0.15695409478950834,0.027543492687570097,0.027543492687570097,,1.050436808386721,0.0399074920669069,,,0.011644167159683753,0.3342924756628839,0.05840907868552681,,,🟢 Low,➡️,2026-10-05T00:24Z
CVNA,Carvana,Consumer Discretionary,Automotive Retail,0001690820,True,2026-06-30,10-Q,2026-03-31,10-Q,0.23160081227405846,0.23704234934518156,-0.005441537071123104,0.23160081227405846,0.23704234934518156,0.07364432933013286,0.08007931011592188,2.337140019860973,3.9264345267287886,0.09668774051676746,2.9762658227848102,,0.4100467289719626,0.03786421110500275,0.129260582737768,0.42787338007223286,,🟢 Low,➡️,2026-10-05T00:24Z
CASY,Casey's,Consumer Staples,Food Retail,0000726958,True,2026-07-31,10-Q,2026-04-30,10-K,0.3169094897284903,0.32437531611044923,-0.007465826381958918,0.3169094897284903,0.32437531611044923,0.032010152291909795,0.032205571581444485,1.2280060665676091,1.0185155172325286,0.07832774912860203,,0.04068355395256824,0.0027680377158294856,0.4488318119979656,,0.8143282246113758,1.92529269247033,🟢 Low,➡️,2026-10-05T00:24Z
CAT,Caterpillar Inc.,Industrials,Construction Machinery & Heavy Transportation Equipment,0000018230,True,2026-06-30,10-Q,2026-03-31,10-Q,0.07969383239716081,0.07448303358557451,0.005210798811586301,0.07969383239716081,0.07448303358557451,0.02765847988955625,0.027827507693151603,,1.3684342799698417,0.026313481273572494,,0.039947328707334036,0.14287245758169362,0.6835755148183883,0.1086746776598544,,0.6587044021479598,🟢 Low,➡️,2026-10-05T00:24Z
CBOE,Cboe Global Markets,Financials,Financial Exchanges & Data,0001374310,True,2026-06-30,10-Q,2026-03-31,10-Q,0.0766954371618309,0.0975134216601178,-0.020817984498286896,0.0766954371618309,0.0975134216601178,0.02755775636815037,0.02755775636815037,0.8858295709054712,1.5652449491614948,0.10368261808036346,34118.604651162794,0.49347270198734916,0.201738097706729,0.38937535935452855,0.13828433544154656,1.1288853215611518,0.21010811269358015,🟢 Low,🔻,2026-10-05T00:24Z
CBRE,CBRE Group,Real Estate,Real Estate Services,0001138118,True,2026-06-30,10-Q,2026-03-31,10-Q,0.40591484752711116,0.4041457916969039,0.0017690558302072557,0.40591484752711116,0.4041457916969039,0.0823178322792451,0.07561237095038671,2.5359609430816863,1.1409384112397278,0.03797052935578091,16.341940896802463,0.028532675709001233,0.052344852482688456,0.3121656657149421,0.057530110596961045,0.39432783960182183,1.330773522365528,🟡 Medium,➡️,2026-10-05T00:24Z
CDW,CDW Corporation,Information Technology,Technology Distributors,0001402057,True,2026-06-30,10-Q,2026-03-31,10-Q,0.1983749413127371,0.19191366358237846,0.00646127773035865,0.1983749413127371,0.19191366358237846,0.028567541205890654,0.028567541205890654,,1.1668313967503978,0.061814683450402204,6.619752099160336,0.0990472299091804,0.08021536036349305,-0.08628903261701092,0.09595011243248255,,0.6240930060041264,🟢 Low,➡️,2026-10-05T00:24Z
COR,Cencora,Health Care,Health Care Distributors,0001140859,True,2026-06-30,10-Q,2026-03-31,10-Q,0.7740045802759649,0.7825233395068119,-0.008518759230846995,0.7740045802759649,0.7825233395068119,0.06208189854259085,0.06184088368882379,,0.9347608953093532,0.018544940572136074,,0.004836633260295768,-0.04608245947616383,0.10904006563860989,0.031365475268685356,,3.8342664357814096,🔴 High,➡️,2026-10-05T00:24Z
CNC,Centene Corporation,Health Care,Managed Health Care,0001071739,True,2026-06-30,10-Q,2026-03-31,10-Q,0.9252689430659885,0.9318449215248763,-0.006575978458887799,0.9252689430659885,0.9318449215248763,0.8430167740063274,0.8450744009865212,2.6750731318145555,1.1453912019431292,-0.08039801474485617,-10.514482758620689,-0.03426482592913948,0.07138726931046113,0.13619717631185851,-0.09183009685346696,0.3738215557948803,2.346371608924011,🔴 High,➡️,2026-10-05T00:24Z
CNP,CenterPoint Energy,Utilities,Multi-Utilities,0001130310,True,2026-03-31,10-Q,2025-12-31,10-K,0.2486454942682282,0.2425409199000217,0.006104574368206522,0.2486454942682282,0.2425409199000217,0.03353114921242728,0.030167882037164733,,1.1647213855421688,0.021991345611137823,,0.1124291973923266,0.01829128080774296,0.04931329305767502,0.04410811714781445,,0.19560173087777244,🟢 Low,➡️,2026-10-05T00:24Z
CF,CF Industries,Materials,Fertilizers & Agricultural Chemicals,0001324404,True,2026-06-30,10-Q,2026-03-31,10-Q,0.13154731795306576,0.09194851584263113,0.039598802110434636,0.13154731795306576,0.09194851584263113,0.0279008086427672,0.027336414402387765,,4.860103626943006,0.10194052586263991,14.838709677419354,0.21727837380011292,0.19736406384528776,0.3198225048016425,0.15232796873965163,,0.46917014371812704,🟢 Low,🔺,2026-10-05T00:24Z
CRL,Charles River Laboratories,Health Care,Life Sciences Tools & Services,0001100682,True,2026-06-27,10-Q,2026-03-28,10-Q,0.4877886522763149,0.4880951400805457,-0.000306487804230815,0.4877886522763149,0.4880951400805457,0.6129097384641858,0.6018929144523616,1.6352863536030675,1.347531518066598,-0.01916293433012774,0.1840538365883988,-0.07770129322712466,0.05235693152481796,0.18219179264339708,0.0033406154554910983,0.6115136947095993,0.2466231066980256,🟡 Medium,➡️,2026-10-05T00:24Z
SCHW,Charles Schwab Corporation,Financials,Investment Banking & Brokerage,0000316709,True,2026-06-30,10-Q,2026-03-31,10-Q,0.3953560248028506,0.39254319574923363,0.002812829053616961,0.3953560248028506,0.39254319574923363,0.16990009014796337,0.1686997134323831,9.314993917881429,,0.017113052085387402,,0.37005141925504786,,0.09288064554793858,,0.10735380063752491,0.046245065401553556,🟢 Low,➡️,2026-10-05T00:24Z
CHTR,Charter Communications,Communication Services,Cable & Satellite,0001091667,True,2026-06-30,10-Q,2026-03-31,10-Q,0.20224942410054764,0.20361630636035785,-0.0013668822598102148,0.20224942410054764,0.20361630636035785,0.027752529502199794,0.027817779803373795,,0.3609377268108579,0.03204642136513771,15.257683215130024,0.09104684704421806,-0.05658085825547173,-0.01887956406071277,0.08294670282358083,,0.3519772776928119,🟢 Low,➡️,2026-10-05T00:24Z
CVX,Chevron Corporation,Energy,Integrated Oil & Gas,0000093410,True,2026-06-30,10-Q,2026-03-31,10-Q,0.1287367857348352,0.13769026526391645,-0.008953479529081237,0.1287367857348352,0.13769026526391645,0.027730994551051283,0.027730994551051283,0.7087364324347097,1.252159730893708,0.03725445651021552,,0.0650634022990938,0.029972586971996305,0.6439638329774183,,1.4109617542373512,0.5725869719963046,🟢 Low,➡️,2026-10-05T00:24Z
CMG,Chipotle Mexican Grill,Consumer Discretionary,Restaurants,0001058090,True,2026-06-30,10-Q,2026-03-31,10-Q,0.11808155441685966,0.11049378595416796,0.007587768462691699,0.11808155441685966,0.11049378595416796,0.09536618867055839,0.08752077219000443,3.0297396434479458,0.7153473552939745,0.17324680173973175,,0.12877849929743582,-0.042228824022782795,-0.007576666025538702,0.21837435142197859,0.3300613642372142,1.3453084380148648,🟢 Low,➡️,2026-10-05T00:24Z
CB,Chubb Limited,Financials,Property & Casualty Insurance,0000896159,True,2026-03-31,10-Q,2025-12-31,10-K,0.28133805420461927,0.27786369352228324,0.0034743606823360307,0.28133805420461927,0.27786369352228324,0.06853161539305298,0.06754245277190428,2.6500786035669757,,0.03742884526022305,,0.1735631796909195,,0.24984389521375464,,0.3773472977948697,0.21564968633828996,🟢 Low,➡️,2026-10-05T00:24Z
CHD,Church & Dwight,Consumer Staples,Household Products,0000313927,True,2026-06-30,10-Q,2026-03-31,10-Q,0.06062528883469598,0.061876047971645316,-0.0012507591369493379,0.06062528883469598,0.061876047971645316,0.02761499729470955,0.02761499729470955,1.0943235659413957,1.1465491259795058,0.08091634910001427,11.319327731092438,,0.021360246878328958,0.7731750442030816,0.11834345519839222,0.9138065112759831,,🟢 Low,➡️,2026-10-05T00:24Z
CIEN,Ciena,Information Technology,Communications Equipment,0000936395,True,2026-08-01,10-Q,2026-05-02,10-Q,0.643726236894437,0.6256410607485057,0.018085176145931303,0.643726236894437,0.6256410607485057,0.13798049122187606,0.16738408372268565,1.6162660980430772,3.7971619118673123,0.015422570786921488,2.2440074523436255,0.025859695771491685,0.4847521144794954,-0.31700786771436146,0.024699896464280176,0.618710001534257,0.5963941309751865,🟡 Medium,➡️,2026-10-05T00:24Z
CI,Cigna,Health Care,Health Care Services,0001739940,True,2026-06-30,10-Q,2026-03-31,10-Q,0.48966844532038234,0.49189996664125546,-0.00223152132087312,0.48966844532038234,0.49189996664125546,0.09988461528780823,0.09108237275332942,2.678836227123416,0.845739894172276,0.03792286831081855,,0.02166969807202619,-0.054563858366967574,0.32056505519410244,0.058568136387364564,0.37329642994779805,1.7500413796615781,🟡 Medium,➡️,2026-10-05T00:24Z
CINF,Cincinnati Financial,Financials,Property & Casualty Insurance,0000020286,True,2026-06-30,10-Q,2026-03-31,10-Q,0.18696493232676126,0.18759532342545213,-0.000630391098690869,0.18696493232676126,0.18759532342545213,0.027777745053619712,0.027777745053619712,1.5931857716993583,,0.055353797043788025,,0.18945451666534716,,0.41539635909416855,,0.6276731927710844,0.2921745969327566,🟢 Low,➡️,2026-10-05T00:24Z
CTAS,Cintas,Industrials,Diversified Support Services,0000723254,True,2026-05-31,10-K,2026-02-28,10-Q,0.0020585254390673487,0.0020082259291532728,5.0299509914075984e-05,0.0020585254390673487,0.0020082259291532728,0.029199315443708147,0.02998848573155906,,1.433978709760737,0.18994599748887372,23.433112773302646,1.2348652493479808,0.11074817126564943,1.241696757759893,0.24755222173890745,,0.15381921030587492,🟢 Low,➡️,2026-10-05T00:24Z
CSCO,Cisco,Information Technology,Communications Equipment,0000858877,True,2026-07-25,10-K,2026-04-25,10-Q,0.17105056462078674,0.16591503357177023,0.005135531049016512,0.17105056462078674,0.16591503357177023,0.02806956415466981,0.027842227263614693,1.578045142686686,0.9311258278145695,0.10233960983361232,35.99063231850117,0.26894384755726736,-0.022061602783156043,0.012072170753720003,0.11854640264739233,0.6336954330073596,0.38052407877380684,🟢 Low,➡️,2026-10-05T00:24Z
C,Citigroup,Financials,Diversified Banks,0000831001,True,2025-12-31,10-K,2025-09-30,10-Q,0.4442053643427103,0.44367420792568946,0.0005311564170208394,0.4442053643427103,0.44367420792568946,0.27237691517800733,0.27237691517800733,11.509578832828524,,0.0053838586603502485,,0.16786154297447933,,0.08096034851697387,,0.08688415228085684,0.0320732108435866,🟡 Medium,➡️,2026-10-05T00:24Z
CFG,Citizens Financial Group,Financials,Regional Banks,0000759944,True,2026-06-30,10-Q,2026-03-31,10-Q,0.4307275873111011,0.4292970543785958,0.001430532932505335,0.4307275873111011,0.4292970543785958,0.20841464465472825,0.20841464465472825,7.930832983233396,,0.007830274209274877,,0.22202012853158726,,0.05126242323679844,,0.1260901600265828,0.03526830770283446,🟡 Medium,➡️,2026-10-05T00:24Z
CLX,Clorox,Consumer Staples,Household Products,0000021076,True,2026-03-31,10-Q,2025-12-31,10-Q,0.13435910048198482,0.22773235586153678,-0.09337325537955196,0.13435910048198482,0.22773235586153678,0.21203284036639417,0.2133210030492132,-94.68656716417911,0.8402535657686212,0.12585456805469236,,0.13226649248856956,-0.07830950901180858,0.034648850217526415,,-0.010561160151324085,0.9515226848974518,🟢 Low,🔻,2026-10-05T00:24Z
CME,CME Group,Financials,Financial Exchanges & Data,0001156375,True,2026-06-30,10-Q,2026-03-31,10-Q,0.4293404788012483,0.4352090792363698,-0.005868600435121496,0.4293404788012483,0.4352090792363698,0.160804449791075,0.16695561739593523,6.340635887844829,1.0183584272161887,0.02091776823716872,,0.624513081618256,0.014967386938132267,0.028033672254395237,0.021725774951894577,0.15771288837402367,0.03349452373834349,🟡 Medium,➡️,2026-10-05T00:24Z
CMS,CMS Energy,Utilities,Multi-Utilities,0000811156,True,2026-06-30,10-Q,2026-03-31,10-Q,0.23510536832877402,0.23071946375759694,0.004385904571177074,0.23510536832877402,0.23071946375759694,0.04467875210723627,0.059922382404449255,,0.9356839699640875,0.026182618261826184,2.685847589424572,0.12542452277784283,-0.004816037159271483,0.06224177973352891,0.04221977753330888,,0.2087519863097421,🟢 Low,➡️,2026-10-05T00:24Z
KO,Coca-Cola Company (The),Consumer Staples,Soft Drinks & Non-alcoholic Beverages,0000021344,True,2026-04-03,10-Q,2025-12-31,10-K,0.024895178757584277,0.026079298856502297,-0.00118412009891802,0.024895178757584277,0.026079298856502297,0.02761499729470955,0.02761499729470955,,1.358030208240236,0.1257664296611877,8.32043530834341,0.2733985523873094,0.0768780525250199,0.7870692881199804,0.13205139276701497,,0.460011322528954,🟢 Low,➡️,2026-10-05T00:24Z
CTSH,Cognizant,Information Technology,IT Consulting & Other Services,0001058290,True,2026-03-31,10-Q,2025-12-31,10-K,0.019674799581336794,0.021575071003069424,-0.00190027142173263,0.019674799581336794,0.021575071003069424,0.02880617064336188,0.02880617064336188,0.3604990708786833,2.225852272727273,0.10878048780487805,82.65853658536585,0.105647148000758,0.21048780487804877,0.7449756097560976,0.16531707317073172,2.7739322533136965,1.0296585365853659,🟢 Low,➡️,2026-10-05T00:24Z
COHR,Coherent Corp.,Information Technology,Electronic Components,0000820318,True,2026-06-30,10-K,2026-03-31,10-Q,0.23119447922306471,0.24177940304273204,-0.01058492381966733,0.23119447922306471,0.24177940304273204,0.107254130244865,0.10408269392205582,0.647650317627513,2.4266542720579243,0.0439893175092345,0.3350658133244095,0.694686027024648,0.22249196332298207,0.07400442364233328,0.005252556140891194,1.5440430935990614,0.06332258861984238,🟢 Low,➡️,2026-10-05T00:24Z
COIN,Coinbase,Financials,Financial Exchanges & Data,0001679788,True,2026-06-30,10-Q,2026-03-31,10-Q,0.18768568844715827,0.19781570090954909,-0.010130012462390814,0.18768568844715827,0.19781570090954909,0.02911616574455264,0.02911616574455264,1.0230094578110371,2.4227061023306278,0.047630891064442765,17.343365633231038,0.1755006214034318,0.38814368824282547,0.20663582396652855,0.054248884535866314,0.9775080693190548,0.2714001277234872,🟢 Low,➡️,2026-10-05T00:24Z
CL,Colgate-Palmolive,Consumer Staples,Household Products,0000021665,True,2026-06-30,10-Q,2026-03-31,10-Q,0.03544192242307093,0.060343861014195956,-0.024901938591125022,0.03544192242307093,0.060343861014195956,0.19689301370334233,0.19689301370334233,68.7457627118644,1.026024723487313,0.1269803454437165,,0.1379578102756568,0.009529481834425254,1.6131625967838,0.1969029184038118,0.014546351084812623,0.9204288266825491,🟢 Low,🔻,2026-10-05T00:24Z
CMCSA,Comcast,Communication Services,Cable & Satellite,0001166691,True,2026-06-30,10-Q,2026-03-31,10-Q,0.1196077843972205,0.12281712971073352,-0.0032093453135130234,0.1196077843972205,0.12281712971073352,0.027807943887980482,0.02971058942584377,,0.7957876288036745,0.07764766179508285,5.057988744800587,0.16449511400651465,-0.026239768897448244,0.2341233478807834,0.08026464969636728,,0.4720362806156522,🟢 Low,➡️,2026-10-05T00:24Z
FIX,Comfort Systems USA,Industrials,Construction & Engineering,0001035983,True,2026-06-30,10-Q,2026-03-31,10-Q,0.09485796022149784,0.06586213609344882,0.02899582412804902,0.09485796022149784,0.06586213609344882,0.028676138562184084,0.030281467879569462,1.6382021521980288,1.2138159908940764,0.12047377143162791,145.91952491952492,0.11234875117574952,0.12012974848859646,0.3935351491304113,0.1548797180331407,0.6104252754510594,1.0723196312451062,🟢 Low,🔺,2026-10-05T00:24Z
COP,ConocoPhillips,Energy,Oil & Gas Exploration & Production,0001163165,True,2026-06-30,10-Q,2026-03-31,10-Q,0.13102457052297065,0.12908537899469408,0.0019391915282765682,0.13102457052297065,0.12908537899469408,0.02799901561879999,0.027336414402387765,0.9014981101470566,1.5415194346289753,0.06428404728756408,,0.1355184581976113,0.054264813577872384,0.5868373826059665,,1.1092646659424226,0.47435639500728305,🟢 Low,➡️,2026-10-05T00:24Z
ED,Consolidated Edison,Utilities,Multi-Utilities,0001047862,True,2026-03-31,10-Q,2025-12-31,10-K,0.20779811658532882,0.20394012452427174,0.0038579920610570806,0.20779811658532882,0.20394012452427174,0.0409605105858163,0.04205881033803285,,1.189178963299281,0.027066804029916645,2.3803730738037308,0.11957678212554676,0.013379537335598934,0.20686102674569512,0.039268942079982876,,0.22635501264366278,🟢 Low,➡️,2026-10-05T00:24Z
STZ,Constellation Brands,Consumer Staples,Distillers & Vintners,0000016918,True,2026-05-31,10-Q,2026-02-28,10-K,0.08740117779419619,0.09016211945625613,-0.0027609416620599375,0.08740117779419619,0.09016211945625613,0.029218114375401238,0.028536722650519344,1.6423881971025729,0.9134875337939321,0.0762912337677023,7.17858084938011,,-0.013026546110807058,0.6355100028495569,0.12309181453454975,0.6088694510616643,,🟢 Low,➡️,2026-10-05T00:24Z
CEG,Constellation Energy,Utilities,Electric Utilities,0001868275,True,2026-06-30,10-Q,2026-03-31,10-Q,0.4119035477061856,0.4023603925149251,0.009543155191260477,0.4119035477061856,0.4023603925149251,0.05202249415652272,0.045599170481905545,2.0618256872126843,1.4552639656230817,0.023602332753198375,7.1600928074245935,0.0908236399953002,0.06038492463334453,0.07828768587218711,0.03140871016661069,0.4850070528279565,0.25986992763579736,🟡 Medium,➡️,2026-10-05T00:24Z
COO,Cooper Companies (The),Health Care,Health Care Supplies,0000711404,True,2026-07-31,10-Q,2026-04-30,10-Q,0.0833539818435758,0.08520598287727851,-0.0018520010337027132,0.0833539818435758,0.08520598287727851,0.027786593675308707,0.027786593675308707,0.5217213803703081,1.2222757955641272,0.029581643442170215,6.485280151946818,0.14801800379027164,0.032737860400523934,0.6414221913614342,0.053884514021493836,1.9167318757192175,0.19985165780295738,🟢 Low,➡️,2026-10-05T00:24Z
CPRT,Copart,Industrials,Diversified Support Services,0000900075,True,2026-07-31,10-K,2026-04-30,10-Q,0.028127638008053762,0.02412557684510033,0.004002061162953433,0.028127638008053762,0.02412557684510033,0.0327740906078867,0.03260791448242158,,7.91227738614064,0.14801536925809325,81.69006426099851,2.823636616133273,0.48509624733615814,0.7958493429771805,0.16480068928310368,,0.05242011964726097,🟢 Low,➡️,2026-10-05T00:24Z
GLW,Corning Inc.,Information Technology,Electronic Components,0000024741,True,2026-06-30,10-Q,2026-03-31,10-Q,0.18116506788806544,0.16988788834765814,0.0112771795404073,0.18116506788806544,0.16988788834765814,0.02802184717533265,0.027850573695356165,1.5787420382165605,1.813153961136024,0.048428207306711976,,0.10211785782839593,0.1485617186551766,0.5081623983493142,0.06915280980701541,0.6334157042715215,0.4742383784439859,🟢 Low,➡️,2026-10-05T00:24Z
CPAY,Corpay,Financials,Transaction & Payment Processing Services,0001175454,True,2026-06-30,10-Q,2026-03-31,10-Q,0.11742007574856729,0.11069744301887223,0.0067226327296950605,0.11742007574856729,0.11069744301887223,0.028117068736814715,0.028117068736814715,,0.9719851272759242,0.03790460848676243,153.19259429976185,0.23624796644644921,-0.016833340023817176,0.38468129103686216,0.0706525014538073,,0.16044416829024574,🟢 Low,➡️,2026-10-05T00:24Z
CTVA,Corteva,Materials,Fertilizers & Agricultural Chemicals,0001755672,True,2026-06-30,10-Q,2026-03-31,10-Q,0.2477410485906374,0.25170639380011167,-0.00396534520947428,0.2477410485906374,0.25170639380011167,0.029475240307942314,0.02896362597276538,,1.5160811938085086,0.026271552759233468,,0.0628699500028734,0.13371115700494693,0.029393400893328852,,,0.4178713798568753,🟢 Low,➡️,2026-10-05T00:24Z
CSGP,CoStar Group,Real Estate,Real Estate Services,0001057352,True,2026-06-30,10-Q,2026-03-31,10-Q,0.15946594035712597,0.16124256493529324,-0.0017766245781672685,0.15946594035712597,0.16124256493529324,0.21670120613497101,0.21914754818752102,0.2766011094301563,2.214190093708166,0.0006904033928395306,-27.533460803059274,0.007252157516861266,0.08945655390077917,,-0.007101292040635171,3.6153144940747493,0.09519972383864286,🟢 Low,➡️,2026-10-05T00:24Z
COST,Costco,Consumer Staples,Consumer Staples Merchandise Retail,0000909832,True,2026-05-10,10-Q,2026-02-15,10-Q,0.4391116825375073,0.44816999676980346,-0.009058314232296139,0.4391116825375073,0.44816999676980346,0.03336910673138405,0.03336910673138405,1.57930705183682,1.0724510385756676,0.09370588915885687,67.42207792207792,0.029425763438516175,0.03531181302788384,0.3063982413513826,0.12013189864630337,0.6331890931766218,3.1844845539743143,🟡 Medium,➡️,2026-10-05T00:24Z
CRH,CRH plc,Materials,Construction Materials,0000849395,True,2026-06-30,10-Q,2026-03-31,10-Q,0.14603127475136524,0.1503877078248927,-0.004356433073527455,0.14603127475136524,0.1503877078248927,0.027641248014123,0.027854490920828437,1.373705013521947,1.5788313120176405,0.06409687115726193,14.46808510638298,,0.09863027736029512,0.43957507856264516,0.09290886733160268,0.7279583244995003,,🟢 Low,➡️,2026-10-05T00:24Z
CRWD,CrowdStrike,Information Technology,Systems Software,0001535527,True,2026-07-31,10-Q,2026-04-30,10-Q,0.5865637480653279,0.6029246599643632,-0.016360911899035324,0.5865637480653279,0.6029246599643632,0.5770856951954784,0.601345250615853,1.349637103065552,1.5701281896151602,-0.013513678709881188,-11.387327224724336,,0.21001994095468265,-0.10394693522270809,-0.02439018508189729,0.7409399146841845,,🟡 Medium,➡️,2026-10-05T00:24Z
CCI,Crown Castle,Real Estate,Telecom Tower REITs,0001051470,True,2026-06-30,10-Q,2026-03-31,10-Q,0.5397410409252572,0.46053635547487193,0.07920468545038528,0.5397410409252572,0.46053635547487193,0.0733307758302195,0.08772751724542675,,0.521580547112462,0.020639642989959094,,0.10412757973733583,-0.07316846411305318,-0.9687151357381927,0.09645779100037188,,0.198214949795463,🟡 Medium,🔺,2026-10-05T00:24Z
CSX,CSX Corporation,Industrials,Rail Transportation,0000277948,True,2026-06-30,10-Q,2026-03-31,10-Q,0.09607840245812559,0.09818088518143876,-0.002102482723313176,0.09607840245812559,0.09818088518143876,0.029576734138918048,0.028170258129836714,,0.8204140587385652,0.0645933014354067,8.280219780219781,0.2716246709289206,-0.01667933640388141,0.2538121003443187,0.10108214461387113,,0.2378035147341591,🟢 Low,➡️,2026-10-05T00:24Z
CMI,Cummins,Industrials,Construction Machinery & Heavy Transportation Equipment,0000026172,True,2026-06-30,10-Q,2026-03-31,10-Q,0.15360417013922797,0.15246787080206275,0.0011362993371652197,0.15360417013922797,0.15246787080206275,0.029065868311012013,0.02929964592671003,1.690978438545964,1.7271619975639465,0.029188885770418185,12.23404255319149,0.03088803088803089,0.21782206006174573,0.6637664889138366,0.11296660117878192,0.5913735960228319,0.9449901768172888,🟢 Low,➡️,2026-10-05T00:24Z
CVS,CVS Health,Health Care,Health Care Services,0000064803,True,2026-06-30,10-Q,2026-03-31,10-Q,0.6046933071992534,0.6106792373330175,-0.005985930133764139,0.6046933071992534,0.6106792373330175,0.11458982391803889,0.1789923863959444,2.18148854482949,0.8656380326512793,0.006966993474354528,1.7531978931527463,0.004397277070736966,-0.046085400838561205,0.25770782762208,0.018363229406386936,0.458402590456033,1.584388102518836,🟡 Medium,➡️,2026-10-05T00:24Z
DHR,Danaher Corporation,Health Care,Life Sciences Tools & Services,0000313616,True,2026-06-26,10-Q,2026-03-27,10-Q,0.12193154486865804,0.11182745358012375,0.01010409128853429,0.12193154486865804,0.11182745358012375,0.027486289845615144,0.028108657593089115,,1.6509561998766193,0.03912652787250858,16.3986013986014,0.18167194490524305,0.057119967087812744,0.522112875810625,0.05077570993969708,,0.215369125336971,🟢 Low,➡️,2026-10-05T00:24Z
DRI,Darden Restaurants,Consumer Discretionary,Restaurants,0000940944,True,2026-08-30,10-Q,2026-05-31,10-K,0.26480340408596886,0.24703567168962728,0.01776773239634158,0.26480340408596886,0.24703567168962728,0.14831121534804334,0.142958767049926,5.394604525236898,0.29793685526727104,0.091232818713804,31.529880478087648,,-0.16980176311372538,-0.01961955453404503,0.11966794187470703,0.18537040024376691,,🟢 Low,➡️,2026-10-05T00:24Z
DDOG,Datadog,Information Technology,Application Software,0001561550,True,2026-06-30,10-Q,2026-03-31,10-Q,0.3472542859375237,0.35611443737086695,-0.008860151433343233,0.3472542859375237,0.35611443737086695,0.18531367627875625,0.18456835734897217,0.7282799347859936,3.2045893700482937,0.014274726985462411,-7.041098064106633,,0.5476616308995816,0.03112494907372138,-0.005879028972498154,1.37309838186583,,🟢 Low,➡️,2026-10-05T00:24Z
DVA,DaVita,Health Care,Health Care Services,0000927066,True,2026-06-30,10-Q,2026-03-31,10-Q,0.3390086913084469,0.34152925064831097,-0.002520559339864059,0.3390086913084469,0.34152925064831097,0.2375802851894663,0.2375802851894663,-21.735901115676988,1.4672522406416963,0.04216965266473809,,0.054738636885879564,0.07533853743606041,0.004586975942671186,0.11539661025792444,-0.04600683425444697,0.7703818557384688,🟢 Low,➡️,2026-10-05T00:24Z
DECK,Deckers Brands,Consumer Discretionary,Footwear,0000910521,True,2026-06-30,10-Q,2026-03-31,10-K,0.002726129651249577,0.00219854862193306,0.0005275810293165172,0.002726129651249577,0.00219854862193306,0.032046363789274813,0.03279208820603054,,2.7472206056423705,0.2647121545377539,,,0.4803773747803158,0.5260008669755968,0.3264478479540901,,,🟢 Low,➡️,2026-10-05T00:24Z
DE,Deere & Company,Industrials,Agricultural & Farm Machinery,0000315189,True,2026-08-02,10-Q,2026-05-03,10-Q,0.17066015456297814,0.17208914175532974,-0.0014289871923515995,0.17066015456297814,0.17208914175532974,0.08729767279641891,0.0880823371084577,2.842658092175777,,0.04671629169106099,2.8514195583596216,0.1100385255231591,,0.5777412250132427,0.08400011151690875,0.35178342508106475,0.4245448716161588,🟢 Low,➡️,2026-10-05T00:24Z
DELL,Dell Technologies,Information Technology,"Technology Hardware, Storage & Peripherals",0001571996,True,2026-07-31,10-Q,2026-05-01,10-Q,0.20593177951363706,0.22683576526053206,-0.020903985746895004,0.20593177951363706,0.22683576526053206,0.22522108107473252,0.22810117419694428,-90.27330063069377,0.9622952582344719,0.046595966811363264,5.429047301798801,0.052282055347108454,-0.02477373168070459,0.07900748078779839,0.06396740794235162,-0.011077472442167365,0.8912420619657281,🟢 Low,🔻,2026-10-05T00:24Z
DAL,Delta Air Lines,Industrials,Passenger Airlines,0000027904,True,2026-06-30,10-Q,2026-03-31,10-Q,0.15239315558657673,0.15247031964379093,-7.716405721419628e-05,0.15239315558657673,0.15247031964379093,0.028504739508485907,0.028504739508485907,,0.42364004285204143,0.05798125600954576,14.702020202020202,0.46592813256376836,-0.22437182145711937,0.16530160679324846,0.06744592856894614,,0.12444248792298514,🟢 Low,➡️,2026-10-05T00:24Z
DVN,Devon Energy,Energy,Oil & Gas Exploration & Production,0001090012,True,2026-06-30,10-Q,2026-03-31,10-Q,0.2893728832789335,0.2780800131561003,0.011292870122833198,0.2893728832789335,0.2780800131561003,0.2734971779077534,0.25818351466610023,,0.7171875,0.03726743119913108,-5.401119402985074,0.15371189201768676,-0.02808457816709689,0.16520671998645847,-0.04083618975075113,,0.24244988926974453,🟢 Low,➡️,2026-10-05T00:24Z
DXCM,Dexcom,Health Care,Health Care Equipment,0001093557,True,2026-06-30,10-Q,2026-03-31,10-Q,0.017343887000536937,0.01817987521087472,-0.0008359882103377812,0.017343887000536937,0.01817987521087472,0.03277594137725353,0.032328467469618524,1.4625391012436102,1.733299401959537,0.1295524607686707,44.916256157635466,3.7841628959276017,0.26782643719114524,0.44653230678667144,0.14124827660991743,0.6837424032969039,0.034235434449212274,🟢 Low,➡️,2026-10-05T00:24Z
FANG,Diamondback Energy,Energy,Oil & Gas Exploration & Production,0001539838,True,2026-06-30,10-Q,2026-03-31,10-Q,0.26303053281974376,0.28531141333489296,-0.022280880515149204,0.26303053281974376,0.28531141333489296,0.04512549592383563,0.0438972727874418,0.6921635883905013,0.46671363156040857,0.02369762738898858,5.188524590163935,0.11074138160521763,-0.043122845993904695,0.08598934746076504,0.01802956506878578,1.44474516829947,0.21399071463157596,🟢 Low,🔻,2026-10-05T00:24Z
DLR,Digital Realty,Real Estate,Data Center REITs,0001297996,True,2026-03-31,10-Q,2025-12-31,10-K,0.4069370728912344,0.41382867447920274,-0.006891601587968366,0.4069370728912344,0.41382867447920274,0.06411994639765767,0.05623427437699444,1.0040312805736789,,0.02678243395672773,1.5035883337481477,0.21407736558622617,,-0.14217519113242244,0.013477125744625361,0.9959849053991868,0.12510633192531645,🟡 Medium,➡️,2026-10-05T00:24Z
DG,Dollar General,Consumer Staples,Consumer Staples Merchandise Retail,0000029534,True,2026-07-31,10-Q,2026-05-01,10-Q,0.3016579037410238,0.3057281184683542,-0.004070214727330379,0.3016579037410238,0.3057281184683542,0.07318825556035853,0.07591709398388313,2.4630802028454517,1.2087862944103047,0.04701387584727649,6.743562202208818,,0.04715485738279888,0.1595575548647443,0.06850639435976866,0.40599571172906135,,🟢 Low,➡️,2026-10-05T00:24Z
DLTR,Dollar Tree,Consumer Staples,Consumer Staples Merchandise Retail,0000935703,True,2026-08-01,10-Q,2026-05-02,10-Q,0.265325377727169,0.2580252706281066,0.007300107099062425,0.265325377727169,0.2580252706281066,0.1050167837564175,0.09954249266201276,3.0958748138849153,1.1336623172171596,0.09141386782231853,,0.06606806169443329,0.03146917944916462,0.2479685807150596,0.11782944631350858,0.32301047688201956,1.3836317500142556,🟢 Low,➡️,2026-10-05T00:24Z
D,Dominion Energy,Utilities,Multi-Utilities,0000715957,True,2026-03-31,10-Q,2025-12-31,10-K,0.40084981278647736,0.3962506061325524,0.0045992066539249365,0.40084981278647736,0.3962506061325524,0.11530058094805916,0.1095462243649019,2.9117919511442003,0.7773457750129601,0.025282936126431548,,0.18163092208893736,-0.021732530486262207,0.019742279343554454,0.03722444298267807,0.3434311299634735,0.1391995142437889,🟡 Medium,➡️,2026-10-05T00:24Z
DPZ,Domino's,Consumer Discretionary,Restaurants,0001286681,True,2026-06-14,10-Q,2026-03-22,10-Q,0.1343755254374189,0.1317225120084684,0.002653013428950496,0.1343755254374189,0.1317225120084684,0.09676569463897187,0.09696259106342024,,1.5380756620857186,0.3412331950715751,4.867909701385912,0.12180257708815032,0.1796319673888263,-2.255711662419002,0.5410095263372203,,2.801526890721037,🟢 Low,➡️,2026-10-05T00:24Z
DASH,DoorDash,Consumer Discretionary,Specialized Consumer Services,0001792789,True,2026-06-30,10-Q,2026-03-31,10-Q,0.4023178059801625,0.3818639868668081,0.020453819113354366,0.4023178059801625,0.3818639868668081,0.06305419943605407,0.06024363520227552,0.9705674831166213,1.3680104031209364,0.04779919227033383,361.5,,0.1157405040642094,-0.25489494402126683,0.036961300547006797,1.030325059715443,,🟡 Medium,🔺,2026-10-05T00:24Z
DOV,Dover Corporation,Industrials,Industrial Machinery & Supplies & Components,0000029905,True,2026-06-30,10-Q,2026-03-31,10-Q,0.02195870932467373,0.09462270123316241,-0.07266399190848868,0.02195870932467373,0.09462270123316241,0.02888818067078679,0.02776642414208759,,1.9786871607495637,0.07988452935166204,10.459319904040212,0.6161087954475951,0.17885207886307622,1.0683940577540183,0.10028766889612374,,0.12965977752943286,🟢 Low,🔻,2026-10-05T00:24Z
DOW,Dow Inc.,Materials,Commodity Chemicals,0001751788,True,2026-03-31,10-Q,2025-12-31,10-K,0.2179948230132844,0.22015912713057348,-0.002164304117289073,0.2179948230132844,0.22015912713057348,0.027336414402387765,0.027336414402387765,,1.8478549734244496,,,,0.14943124790899967,0.267514218802275,,,0.6685848109735698,🟢 Low,➡️,2026-10-05T00:24Z
DHI,D. R. Horton,Consumer Discretionary,Homebuilding,0000882184,True,2026-06-30,10-Q,2026-03-31,10-Q,0.04876475956089475,0.04548550768524752,0.003279251875647232,0.04876475956089475,0.04548550768524752,0.029037079450460936,0.02926608190220974,0.5081886689477109,,0.09819425766817397,,0.10467614976759396,,0.8983711891934826,,1.9677731147974358,0.9380767050200897,🟢 Low,➡️,2026-10-05T00:24Z
DTE,DTE Energy,Utilities,Multi-Utilities,0000936340,True,2026-03-31,10-Q,2025-12-31,10-K,0.2261476122724561,0.22055412545446862,0.005593486817987492,0.2261476122724561,0.22055412545446862,0.05143239825712804,0.049703493935575806,,0.9527114967462039,0.026529723452130363,2.2481060606060606,0.11596731974299992,-0.003955868476446251,0.09956812078101183,0.04307904478478624,,0.228768962764027,🟢 Low,➡️,2026-10-05T00:24Z
DUK,Duke Energy,Utilities,Electric Utilities,0001326160,True,2026-03-31,10-Q,2025-12-31,10-K,0.2200290850178533,0.21781182053652404,0.002217264481329251,0.2200290850178533,0.21781182053652404,0.05517085040527994,0.04604280040085793,,0.6612570079669519,0.02508482792050412,2.3736929003852505,0.2531593966571545,-0.034779447406689284,0.02908890773953789,0.04355509775407982,,0.09908708999838423,🟢 Low,➡️,2026-10-05T00:24Z
DD,DuPont,Industrials,Industrial Conglomerates,0001666700,True,2026-06-30,10-Q,2026-03-31,10-Q,0.8598831284055461,0.8546358888063832,0.005247239599162956,0.8598831284055461,0.8546358888063832,0.564452485490648,0.5605073450669938,0.5214612535405622,2.4267866066966515,-0.03698779735055315,,-0.0381918909643575,0.1355586154503585,-1.1550258772138076,,1.9176880222841226,0.9684725321684631,🔴 High,➡️,2026-10-05T00:24Z
ETN,Eaton Corporation,Industrials,Electrical Components & Equipment,0001551182,True,2026-06-30,10-Q,2026-03-31,10-Q,0.11214755166539775,0.11069989214165186,0.001447659523745884,0.11214755166539775,0.11069989214165186,0.0344747142338812,0.03473101711310155,,1.2404064153161474,0.0727470141150923,25.520833333333332,,0.05096028906569837,0.2052295259963333,0.06541357398408715,,0.0,🟢 Low,➡️,2026-10-05T00:24Z
EBAY,eBay Inc.,Consumer Discretionary,Broadline Retail,0001065088,True,2026-06-30,10-Q,2026-03-31,10-Q,0.00847835441526282,0.00858743165836008,-0.00010907724309726016,0.00847835441526282,0.00858743165836008,0.0842758389825961,0.09009519048308702,2.8441586280814577,1.0188391038696538,0.11325489321362851,8.657794676806084,0.11345101106021674,0.006189706128366698,2.2345396754586515,0.12697262030892767,0.351597829363883,0.9982713433335192,🟢 Low,➡️,2026-10-05T00:24Z
ECHO,EchoStar,Communication Services,Wireless Telecommunication Services,0001415404,True,2026-06-30,10-Q,2026-03-31,10-Q,0.9987648000260764,0.9984519367716809,0.0003128632543955012,0.9987648000260764,0.9984519367716809,0.7644208375292174,0.8413627906907979,1.781972403158212,5.200833444228707,-0.36771169691172173,-310.00780129438516,,0.4067507955151144,0.1378995336965273,-0.44953626086412624,0.5611759184528826,,🔴 High,➡️,2026-10-05T00:24Z
ECL,Ecolab,Materials,Specialty Chemicals,0000031462,True,2026-06-30,10-Q,2026-03-31,10-Q,0.15323327473648526,0.10433067050131582,0.04890260423516944,0.15323327473648526,0.10433067050131582,0.031762589313906305,0.027838165505320953,1.973308139823977,1.8407443290014365,0.06935543155010526,8.940561724363162,,0.16818257760550673,0.447448792060681,0.09147592475022555,0.5067632265932892,,🟢 Low,🔺,2026-10-05T00:24Z
EIX,Edison International,Utilities,Electric Utilities,0000827052,True,2026-03-31,10-Q,2025-12-31,10-K,0.2923990325580315,0.2916545882731165,0.0007444442849149913,0.2923990325580315,0.2916545882731165,0.10594981610543813,0.10312376048913091,4.3643764434180135,0.7397938144329896,0.04719767134162477,4.400124069478908,0.2308329450742869,-0.026716062450383698,0.11536385287112993,0.07507806297962424,0.22912780622031723,0.20446679015612595,🟢 Low,➡️,2026-10-05T00:24Z
EW,Edwards Lifesciences,Health Care,Health Care Equipment,0001099800,True,2026-06-30,10-Q,2026-03-31,10-Q,0.018921777232537556,0.016633435530998192,0.002288341701539364,0.018921777232537556,0.016633435530998192,0.03138178080846674,0.03138178080846674,0.29593143718214354,4.522116851250083,0.07741344621442119,71.82954545454545,,0.38299283916608373,1.0718246785557182,0.0911654203113845,3.379161097320349,,🟢 Low,➡️,2026-10-05T00:24Z
ELV,Elevance Health,Health Care,Managed Health Care,0001156039,True,2026-06-30,10-Q,2026-03-31,10-Q,0.39175899721266016,0.3968254002783346,-0.0050664030656744075,0.39175899721266016,0.3968254002783346,0.03352122264467569,0.034192659449430625,1.8139607423746185,1.5181452524065622,0.04478084120280296,6.9893203883495145,0.028434400502197112,0.18135370695518752,0.2900631139372657,0.056936996788940035,0.5512798467131768,1.57488255113178,🟢 Low,➡️,2026-10-05T00:24Z
EME,Emcor,Industrials,Construction & Engineering,0000105634,True,2026-06-30,10-Q,2026-03-31,10-Q,0.07652738701570512,0.07103645687061262,0.0054909301450924985,0.07652738701570512,0.07103645687061262,0.03336985225241804,0.0328901908273104,1.4898937386902913,1.2768498068951262,0.12531325433820462,142.54725457570714,0.07493143641433139,0.1424207267402193,0.6576007754983173,0.1686919530628974,0.6711888063098123,1.6723722423428304,🟢 Low,➡️,2026-10-05T00:24Z
EMR,Emerson Electric,Industrials,Electrical Components & Equipment,0000032604,True,2026-06-30,10-Q,2026-03-31,10-Q,0.06069727903991127,0.06146203115204794,-0.0007647521121366685,0.06069727903991127,0.06146203115204794,0.029681531350959713,0.031226959093266896,,0.8963052357965094,0.054326194086429115,,0.09392921514009503,-0.026464177407126612,0.9851686884003032,,,0.5783737680060652,🟢 Low,➡️,2026-10-05T00:24Z
ETR,Entergy,Utilities,Electric Utilities,0000065984,True,2026-03-31,10-Q,2025-12-31,10-K,0.1938503593508018,0.18357702404196122,0.010273335308840587,0.1938503593508018,0.18357702404196122,0.04875464886617011,0.04176384060981888,,0.9571183577590707,0.031087167534649164,3.1818947820263395,0.1820184717540844,-0.004616014375995823,0.16873069201761276,0.04224410434575209,,0.17079127868214058,🟢 Low,➡️,2026-10-05T00:24Z
EOG,EOG Resources,Energy,Oil & Gas Exploration & Production,0000821189,True,2026-06-30,10-Q,2026-03-31,10-Q,0.05461758062697447,0.05382330136447788,0.0007942792624965889,0.05461758062697447,0.05382330136447788,0.027336414402387765,0.02750422639754972,,1.8513589503280226,0.09090411258967197,27.170212765957448,0.2200424178154825,0.08290893160286951,0.6094956464596681,0.1165507547961959,,0.4131208586605334,🟢 Low,➡️,2026-10-05T00:24Z
EQT,EQT Corporation,Energy,Oil & Gas Exploration & Production,0000033213,True,2026-06-30,10-Q,2026-03-31,10-Q,0.11009663333278587,0.11660692979188682,-0.0065102964591009505,0.11009663333278587,0.11660692979188682,0.029148901733571594,0.028715960929488138,0.49319071046550134,0.6729367146609198,0.04935153786805883,14.793858690703814,0.23590898000985863,-0.01385383259391629,0.13870209318106796,0.07864358517397033,2.0276132108330738,0.20919736868853586,🟢 Low,➡️,2026-10-05T00:24Z
EFX,Equifax,Industrials,Research & Consulting Services,0000033185,True,2026-06-30,10-Q,2026-03-31,10-Q,0.142804726010901,0.13994734415219953,0.0028573818587014632,0.142804726010901,0.13994734415219953,0.02978646516070645,0.029278790170562997,1.7035523492077986,0.6022852789944773,0.05510858134837837,4.536868268434135,,-0.08714884241099,0.5563688260528468,0.09140529803535362,0.5870086707138933,,🟢 Low,➡️,2026-10-05T00:24Z
EQIX,Equinix,Real Estate,Data Center REITs,0001101239,True,2026-06-30,10-Q,2026-03-31,10-Q,0.3021316981855361,0.30616519496208805,-0.004033496776551959,0.3021316981855361,0.30616519496208805,0.03039748785599609,0.029136916592744255,1.854957585871228,1.131413612565445,0.03286590709903593,4.596763361209088,0.22505457573461565,0.012221248417567436,0.17029408900574544,0.044989775051124746,0.5390958842491941,0.14603527607361963,🟢 Low,➡️,2026-10-05T00:24Z
ERIE,Erie Indemnity,Financials,Insurance Brokers,0000922621,True,2026-06-30,10-Q,2026-03-31,10-Q,0.00548411327225245,0.004560008018118553,0.0009241052541338977,0.00548411327225245,0.004560008018118553,0.028866838357373557,0.0291019512616158,0.44177672138935253,1.245910340369551,0.15724837897833466,,0.3306204020158721,0.06695050008209127,1.0282138174244928,0.20162518245630606,2.2635869016707804,0.47561607819588103,🟢 Low,➡️,2026-10-05T00:24Z
ESS,Essex Property Trust,Real Estate,Multi-Family Residential REITs,0000920522,True,2026-06-30,10-Q,2026-03-31,10-Q,0.26588113084182446,0.26690087322152617,-0.0010197423797017047,0.26588113084182446,0.26690087322152617,0.027336414402387765,0.027336414402387765,1.3874341005655944,,0.030248400138250756,4.224024799793335,0.20672055188638008,,,0.06972359617568266,0.7207549530405408,0.14632507441677206,🟢 Low,➡️,2026-10-05T00:24Z
EL,Estée Lauder Companies (The),Consumer Staples,Personal Care Products,0001001250,True,2026-06-30,10-K,2026-03-31,10-Q,0.12379025986325594,0.12051765556211082,0.003272604301145121,0.12379025986325594,0.12051765556211082,0.043484523788574224,0.043361588849117304,,1.2216337666506178,0.034611881388523426,2.0634920634920637,,0.0698815909320919,0.5738791620281348,0.03946968930270216,,,🟢 Low,➡️,2026-10-05T00:24Z
EG,Everest Group,Financials,Reinsurance,0001095073,True,2026-06-30,10-Q,2026-03-31,10-Q,0.3098845678481172,0.31365584485409553,-0.0037712770059783463,0.3098845678481172,0.31365584485409553,0.0912501682557665,0.09243981819596198,3.0289695398574206,,0.025592356073157786,,0.09093507087334247,,0.28343011565621634,,0.3301452810407172,0.2814354882815642,🟢 Low,➡️,2026-10-05T00:24Z
EVRG,Evergy,Utilities,Electric Utilities,0001711269,True,2026-03-31,10-Q,2025-12-31,10-K,0.21378199855797936,0.2112789817201876,0.0025030168377917494,0.21378199855797936,0.2112789817201876,0.04278694967628436,0.03715675173950933,,0.44551920341394025,0.024813305685657528,2.4872626967386013,0.14351851851851852,-0.06782767571016342,0.08572712904020997,0.044455722633876135,,0.17289271058393632,🟢 Low,➡️,2026-10-05T00:24Z
P,Everpure,Information Technology,"Technology Hardware, Storage & Peripherals",0001474432,True,2026-08-02,10-Q,2026-05-03,10-Q,0.492302210648671,0.4891718252571228,0.003130385391548196,0.492302210648671,0.4891718252571228,0.14866043141259744,0.14663353030349566,2.3880323564190395,1.510567227617655,0.03604717561401798,15.343578778564746,,0.21482320638095598,-0.2073791536257025,0.021993679039324313,0.4187547950562715,,🟡 Medium,➡️,2026-10-05T00:24Z
ES,Eversource Energy,Utilities,Electric Utilities,0000072741,True,2026-06-30,10-Q,2026-03-31,10-Q,0.2844530040680813,0.2808112883663018,0.003641715701779513,0.2844530040680813,0.2808112883663018,0.3144501824077745,0.31565080134981643,,0.7998091829317422,-0.006854764754549986,3.493623756635466,-0.032087707285703274,-0.025427503072856846,0.07211666667691649,0.04712692556483963,,0.2136258815102111,🟢 Low,➡️,2026-10-05T00:24Z
EXC,Exelon,Utilities,Electric Utilities,0001109357,True,2026-03-31,10-Q,2025-12-31,10-K,0.42768934656299623,0.42886573130614114,-0.0011763847431449093,0.42768934656299623,0.42886573130614114,0.17712675321458085,0.18048304644108568,3.0097219853317414,0.9388819357530246,0.009962142158322345,3.1975155279503107,0.048272734767911614,-0.004985324769237314,0.06861202092815517,0.04379599302394827,0.33225660206279045,0.2063720277340593,🟡 Medium,➡️,2026-10-05T00:24Z
EXE,Expand Energy,Energy,Oil & Gas Exploration & Production,0000895126,True,2026-06-30,10-Q,2026-03-31,10-Q,0.09324207782740424,0.11535331104289386,-0.02211123321548962,0.09324207782740424,0.11535331104289386,0.028377091372904766,0.02761859471516115,0.4441009788768676,0.9585160202360877,0.06489475561897967,23.759615384615383,0.1500329924117453,-0.004388155547627542,0.2009989297181591,0.08815554762754192,2.2517401392111367,0.4325365679628969,🟢 Low,🔻,2026-10-05T00:24Z
EXPE,Expedia Group,Consumer Discretionary,"Hotels, Resorts & Cruise Lines",0001324424,True,2026-06-30,10-Q,2026-03-31,10-Q,0.23264934431768353,0.23845936310851054,-0.005810018790827015,0.23264934431768353,0.23845936310851054,0.02804725544996946,0.028597868251251476,,0.800923651370738,0.04452702935205258,7.636734693877551,,-0.13943085234506727,0.08437424727297753,0.06438181755617495,,,🟢 Low,➡️,2026-10-05T00:24Z
EXPD,Expeditors International,Industrials,Air Freight & Logistics,0000746515,True,2026-06-30,10-Q,2026-03-31,10-Q,0.027725292871718977,0.021351550778477207,0.00637374209324177,0.027725292871718977,0.021351550778477207,0.031040864819430303,0.03126595300908425,,1.5655862732365464,0.15780841338991336,219.28041666666667,0.11708396017424202,0.2819101016376139,0.4498072994463389,0.20497847089822413,,1.3478226492772025,🟢 Low,➡️,2026-10-05T00:24Z
EXR,Extra Space Storage,Real Estate,Self-Storage REITs,0001289490,True,2026-06-30,10-Q,2026-03-31,10-Q,0.32256161968839236,0.314755359943509,0.007806259744883359,0.32256161968839236,0.314755359943509,0.03624564170211,0.03611417885245775,1.167844442877244,,0.03283826064522933,3.371295953798609,0.2883750964458769,,-0.054984689566690614,0.0476287093407382,0.8562784248356553,0.11387342752529434,🟢 Low,➡️,2026-10-05T00:24Z
XOM,ExxonMobil,Energy,Integrated Oil & Gas,0002115436,True,2026-06-30,10-Q,2025-12-31,10-Q,0.07040155469897377,0.06521979798585428,0.00518175671311949,0.07040155469897377,0.06521979798585428,0.029454376204157653,0.029454376204157653,0.7647891124990361,1.1346729708431835,,,,0.02575557287472927,1.0604695122738879,,1.3075499947068876,,🟢 Low,➡️,2026-10-05T00:24Z
FFIV,"F5, Inc.",Information Technology,Communications Equipment,0001048695,True,2026-06-30,10-Q,2026-03-31,10-Q,0.04731971192411909,0.044325427048190064,0.0029942848759290236,0.04731971192411909,0.044325427048190064,0.027673765301837485,0.027673765301837485,,1.664800363355753,0.10138709874867369,,,0.17232307044849712,0.5599929067981984,0.11216000880939349,,,🟢 Low,➡️,2026-10-05T00:24Z
FDS,FactSet,Financials,Financial Exchanges & Data,0001013237,True,2026-05-31,10-Q,2026-02-28,10-Q,0.02832100436021904,0.029146758650178444,-0.0008257542899594052,0.02832100436021904,0.029146758650178444,0.028581118583992957,0.02840223628357229,1.0626962687411738,0.683301853742471,0.1424237660475425,,0.41595400706865426,-0.0804370804654679,0.6233274976103275,0.17850752278687224,0.9410026452662329,0.34240267824619147,🟢 Low,➡️,2026-10-05T00:24Z
FICO,Fair Isaac,Information Technology,Application Software,0000814547,True,2026-06-30,10-Q,2026-03-31,10-Q,6.501611562917896e-05,7.825491072089018e-05,-1.3238795091711217e-05,6.501611562917896e-05,7.825491072089018e-05,0.19178681715705873,0.19254386049665176,-1.4972677248858044,1.183002746946756,0.3199934425360501,8.754898805354134,1.7415134257231084,0.0669352151029782,2.5585982537316436,0.4539424052444005,-0.6678832271471485,0.183744459163835,🟢 Low,➡️,2026-10-05T00:24Z
FAST,Fastenal,Industrials,Trading Companies & Distributors,0000815556,True,2026-06-30,10-Q,2026-03-31,10-Q,0.003730338389408405,0.003752793400599614,-2.24550111912092e-05,0.003730338389408405,0.003752793400599614,0.032769244856123494,0.0323936725494497,,4.179519165343615,0.23772551242089354,153.30555555555554,,0.5296495702276377,0.7630868045716445,0.3127798243128365,,,🟢 Low,➡️,2026-10-05T00:24Z
FRT,Federal Realty Investment Trust,Real Estate,Retail REITs,0000034903,True,2026-03-31,10-Q,2025-12-31,10-K,0.2546209450274412,0.25763898931733603,-0.003018044289894828,0.2546209450274412,0.25763898931733603,0.03326183785366986,0.03356755875812168,1.6708538486930622,,0.045189336434800484,3.2797008942673216,0.3214112863816728,,,0.06619921136843077,0.5984963919987362,0.14059660736723034,🟢 Low,➡️,2026-10-05T00:24Z
FDX,FedEx,Industrials,Air Freight & Logistics,0001048911,True,2026-05-31,10-K,2026-02-28,10-Q,0.14923319785331024,0.14761953114009407,0.0016136667132161664,0.14923319785331024,0.14761953114009407,0.027911725937721735,0.028125933739868724,,1.4754124365482233,0.04480629087196903,7.332885906040269,0.0677310924369748,0.09087601200764123,0.44938698363605123,0.055216956244883104,,0.661532086074977,🟢 Low,➡️,2026-10-05T00:24Z
FDXF,FedEx Freight,Industrials,Cargo Ground Transportation,0002082247,True,2026-05-31,10-K,2025-05-31,10-K,0.17151251486158087,0.04541310645404658,0.12609940840753428,0.17151251486158087,0.04541310645404658,0.028858293129269907,0.028242576487058413,,1.5166163141993958,0.09514816966879722,,,0.07452062754212667,-0.07393957001743172,0.07844276583381755,,,🟢 Low,🔺,2026-10-05T00:24Z
FERG,Ferguson Enterprises,Industrials,Trading Companies & Distributors,0002011641,True,2026-06-30,10-Q,2026-03-31,10-Q,0.1734413566789667,0.16165077128181451,0.011790585397152192,0.1734413566789667,0.16165077128181451,0.041841506435617466,0.038256853764432906,2.112885018545396,1.7291830014113219,0.09615085737968192,,0.06033417853195501,0.2408951976376729,0.40869294928249494,0.13500492151479046,0.4732865211418104,1.5936382945656116,🟢 Low,➡️,2026-10-05T00:24Z
FIS,Fidelity National Information Services,Financials,Transaction & Payment Processing Services,0001136893,True,2026-06-30,10-Q,2026-03-31,10-Q,0.6507692769978045,0.6456609945793563,0.0051082824184481845,0.6507692769978045,0.6456609945793563,0.24479442223105466,0.25106056743679867,1.7499064721286943,0.5346173340091231,0.008660953158300459,2.44179523141655,,-0.10409014646533352,-0.46655783793588174,0.03947308756178298,0.5714591127739177,,🔴 High,➡️,2026-10-05T00:24Z
FITB,Fifth Third Bancorp,Financials,Regional Banks,0000035527,True,2026-06-30,10-Q,2026-03-31,10-Q,0.4819453759767096,0.4819610694382547,-1.5693461545063236e-05,0.4819453759767096,0.4819610694382547,0.26918289298105874,0.26870758162368863,7.70541151905342,,0.008401625691251916,,,,0.08543207408888001,,0.12977892193392498,,🟡 Medium,➡️,2026-10-05T00:24Z
FSLR,First Solar,Information Technology,Semiconductors,0001274494,True,2026-06-30,10-Q,2026-03-31,10-Q,0.01651760643005267,0.02272525722332264,-0.006207650793269969,0.01651760643005267,0.02272525722332264,0.028686230858227257,0.028150038585927056,0.29730227827809513,2.5178400959174474,0.11414406497229956,123.16729656768221,0.2927991775262024,0.23941259570270165,0.5646989326290923,0.11927044190885408,3.3635800095167947,0.3898373825250411,🟢 Low,➡️,2026-10-05T00:24Z
FE,FirstEnergy,Utilities,Electric Utilities,0001031296,True,2026-03-31,10-Q,2025-12-31,10-K,0.4451545348117242,0.44471186265217216,0.00044267215955201555,0.4451545348117242,0.44471186265217216,0.22467972376513334,0.19813893690081555,3.3831989884621465,0.5218284540318439,0.017920832088831103,1.9626334519572954,0.06759443339960239,-0.04907145492559341,0.0030043747913628617,0.03875819175290335,0.29557823923757914,0.2651228982553543,🟡 Medium,➡️,2026-10-05T00:24Z
FISV,Fiserv,Financials,Transaction & Payment Processing Services,0000798354,True,2026-06-30,10-Q,2026-03-31,10-Q,0.21232744832312864,0.21502050895157504,-0.002693060628446403,0.21232744832312864,0.21502050895157504,0.030929994493528432,0.03408529008366885,2.005649717514124,1.0434854157238656,0.043023514576070024,5.794820717131474,0.16420516208181946,0.013067774398536212,0.34929406819474323,0.07192839304700442,0.49859154929577465,0.26201073115248624,🟢 Low,➡️,2026-10-05T00:24Z
FLEX,Flex Ltd.,Information Technology,Electronic Manufacturing Services,0000866374,True,2026-06-26,10-Q,2026-03-31,10-K,0.4517946822244974,0.44858949110105756,0.0032051911234398656,0.4517946822244974,0.44858949110105756,0.1202772341557589,0.1156349826968477,3.5814545454545454,1.379500756429652,0.03492340661957298,6.608695652173913,0.030683483307574897,0.19910310342090642,0.097190253194698,0.05429002301769982,0.2792161640775713,1.1381825938566552,🟡 Medium,➡️,2026-10-05T00:24Z
F,Ford Motor Company,Consumer Discretionary,Automobile Manufacturers,0000037996,True,2026-03-31,10-Q,2025-12-31,10-K,0.6271668738681617,0.6316194050483047,-0.004452531180142993,0.6271668738681617,0.6316194050483047,0.5219402928565439,0.524035000502421,6.54019704696553,1.0904582907601308,0.02081548255521644,-1.2043872323656903,0.03177975263795191,0.034167274478285194,0.08655119426131415,-0.03246422172967844,0.15290059195754235,0.6549919627240346,🟡 Medium,➡️,2026-10-05T00:24Z
FTNT,Fortinet,Information Technology,Systems Software,0001262039,True,2026-06-30,10-Q,2026-03-31,10-Q,0.09072963980924172,0.08561685101279289,0.0051127887964488306,0.09072963980924172,0.08561685101279289,0.15061965904171806,0.20979625021541892,6.000967055637934,1.2824946289869443,0.17067555621040223,103.71641791044776,,0.1259300869308973,-0.029164210991601592,0.1919754678060999,0.16663980833897357,,🟢 Low,➡️,2026-10-05T00:24Z
FTV,Fortive,Industrials,Industrial Machinery & Supplies & Components,0001659166,True,2026-04-03,10-Q,2025-12-31,10-K,0.12421227914644943,0.12799232315637796,-0.0037800440099285265,0.12421227914644943,0.12799232315637796,0.08598852993231465,0.08598852993231465,,0.7080034777833707,0.0499995683738918,-5.9767634854771785,0.08976087529251321,-0.05508412392848819,0.4788028418262964,0.062171424625132726,,0.5570307576764704,🟢 Low,➡️,2026-10-05T00:24Z
FOXA,Fox Corporation (Class A),Communication Services,Broadcasting,0001754301,True,2026-06-30,10-K,2026-03-31,10-Q,0.2852283125528526,0.2876617824087001,-0.0024334698558475254,0.2852283125528526,0.2876617824087001,0.027336414402387765,0.027336414402387765,,3.1694788151481066,,,,0.2573614447113246,0.1982474868783916,,,0.6633306645316253,🟢 Low,➡️,2026-10-05T00:24Z
FOX,Fox Corporation (Class B),Communication Services,Broadcasting,0001754301,True,2026-06-30,10-K,2026-03-31,10-Q,0.2852283125528526,0.2876617824087001,-0.0024334698558475254,0.2852283125528526,0.2876617824087001,0.027336414402387765,0.027336414402387765,,3.1694788151481066,,,,0.2573614447113246,0.1982474868783916,,,0.6633306645316253,🟢 Low,➡️,2026-10-05T00:24Z
BEN,Franklin Resources,Financials,Asset Management & Custody Banks,0000038777,True,2026-06-30,10-Q,2026-03-31,10-Q,0.3277658499067583,0.3072884336614558,0.02047741624530247,0.3277658499067583,0.3072884336614558,0.04416715508884749,0.04335613910726219,1.8607878550373993,,0.014482796677979196,6.365648050579558,0.0908996449909083,,0.3178710371657975,0.01666804624341252,0.5374067749275488,0.1593273183787214,🟢 Low,🔺,2026-10-05T00:24Z
FCX,Freeport-McMoRan,Materials,Copper,0000831259,True,2026-06-30,10-Q,2026-03-31,10-Q,0.30850321005956244,0.3301307681125256,-0.02162755805296318,0.30850321005956244,0.3301307681125256,0.027805576779144442,0.02836171447295341,1.367795514446268,2.066073512252042,,20.891025641025642,,0.12237346593667855,0.04716459892510925,0.10912987426122189,0.7311034357389565,0.4338908701257388,🟢 Low,🔻,2026-10-05T00:24Z
GRMN,Garmin,Consumer Discretionary,Consumer Electronics,0001121788,True,2026-03-28,10-Q,2025-12-27,10-K,0.028688240201185804,0.024853950222670056,0.0038342899785157487,0.028688240201185804,0.024853950222670056,0.029183133503259934,0.029183133503259934,,4.360800439194471,0.15191932608977107,1505.6789727126807,,0.4219995584544738,0.6733636839578548,0.17129300343905166,,,🟢 Low,➡️,2026-10-05T00:24Z
IT,Gartner,Information Technology,IT Consulting & Other Services,0000749251,True,2026-06-30,10-Q,2026-03-31,10-Q,0.025949617674729787,0.23192956435904,-0.20597994668431022,0.025949617674729787,0.23192956435904,0.20056333163433007,0.19000367059618997,-43.98708655771012,0.8801693771524285,0.1013711491513238,7.725356249811707,0.3607480999940142,-0.061022503938877405,1.0036707251398937,0.14258513799763514,-0.02273394485192879,0.28100258643914083,🟢 Low,🔻,2026-10-05T00:24Z
GE,GE Aerospace,Industrials,Aerospace & Defense,0000040545,True,2026-06-30,10-Q,2026-03-31,10-Q,0.07477296304909366,0.07695447661703046,-0.0021815135679368047,0.07477296304909366,0.07695447661703046,0.1450254746089357,0.13645145903938474,6.224773242630386,0.9818698985901558,0.06817469766276082,1.8297889350815477,0.1898157234761749,-0.005741274515947114,0.7123958268061908,0.1792640516323078,0.16064842220299622,0.3591625415126261,🟢 Low,➡️,2026-10-05T00:24Z
GEHC,GE HealthCare,Health Care,Health Care Equipment,0001932393,True,2026-03-31,10-Q,2025-12-31,10-K,0.27981641919522415,0.27930164126430324,0.0005147779309209177,0.27981641919522415,0.27930164126430324,0.07631402896919855,0.08028092628732898,2.4584739407574054,1.2224176339547426,0.056134680134680134,,,0.0510976430976431,0.1522962962962963,0.07442424242424242,0.40675639608037517,,🟢 Low,➡️,2026-10-05T00:24Z
GEV,GE Vernova,Industrials,Heavy Electrical Equipment,0001996810,True,2026-06-30,10-Q,2026-03-31,10-Q,0.43532953934967733,0.4009763538371032,0.0343531855125741,0.43532953934967733,0.4009763538371032,0.23585620452377778,0.2130457511979027,5.660700844693485,0.8495969908651263,0.060445544554455444,,,-0.10392326732673267,0.13980198019801982,0.01717821782178218,0.17665657087981088,,🟡 Medium,🔺,2026-10-05T00:24Z
GEN,Gen Digital,Information Technology,Systems Software,0000849399,True,2026-07-03,10-Q,2026-04-03,10-K,0.25825680822104247,0.2583730295698722,-0.0001162213488297148,0.25825680822104247,0.2583730295698722,0.12561361216408665,0.12776292280370521,4.890060240963855,0.46583394562821456,0.06219636921503452,,0.1457459556620731,-0.09294298133469701,0.01975198159038609,0.13551521350038354,0.20449645826917154,0.42674507798517003,🟢 Low,➡️,2026-10-05T00:24Z
GNRC,Generac,Industrials,Heavy Electrical Equipment,0001474735,True,2026-06-30,10-Q,2026-03-31,10-Q,0.171807236352315,0.17521264347384796,-0.0034054071215329496,0.171807236352315,0.17521264347384796,0.02755775636815037,0.02755775636815037,1.0057453669226302,2.0447498069426695,0.027642035005667732,4.09056961398645,,0.21539907739766337,0.5578603193159708,0.05010108016924713,0.9942874537516292,,🟢 Low,➡️,2026-10-05T00:24Z
GD,General Dynamics,Industrials,Aerospace & Defense,0000040533,True,2026-04-05,10-Q,2025-12-31,10-K,0.06623777598001988,0.06426974918799101,0.0019680267920288708,0.06623777598001988,0.06426974918799101,0.02798332308318736,0.02783476437346177,,1.3840637450199202,0.07132087617950499,13.423558897243108,0.08011417697431018,0.12248216978095512,0.7585085297057379,0.0907350624269427,,0.890240390316624,🟢 Low,➡️,2026-10-05T00:24Z
GIS,General Mills,Consumer Staples,Packaged Foods & Meats,0000040704,True,2026-08-30,10-Q,2026-05-31,10-K,0.2473815315690859,0.24612060911557648,0.0012609224535094221,0.2473815315690859,0.24612060911557648,0.5336907973297265,0.533033324419748,3.0615268978846775,0.7037896253602306,-0.002893629390818342,1.6898130484547882,-0.04298753557758367,-0.0679044970171834,0.6798509582669935,0.029260010438206478,0.3266343995510662,0.06731321886540659,🟢 Low,➡️,2026-10-05T00:24Z
GM,General Motors,Consumer Discretionary,Automobile Manufacturers,0001467858,True,2026-06-30,10-Q,2026-03-31,10-Q,0.5109135303852596,0.5083613058714495,0.0025522245138100974,0.5109135303852596,0.5083613058714495,0.3792485134873136,0.3670266962440756,3.5338870967741935,1.1360472561290456,0.0095387314229934,0.7058966270322737,0.014576881293272583,0.04659371441101782,0.18741467486259558,0.010288531594174194,0.28297451860101047,0.6543739522249966,🟡 Medium,➡️,2026-10-05T00:24Z
GPC,Genuine Parts Company,Consumer Discretionary,Distributors,0000040987,True,2026-06-30,10-Q,2026-03-31,10-Q,0.20734988291777498,0.21206855396631444,-0.004718671048539458,0.20734988291777498,0.21206855396631444,0.0929548831195297,0.09290507442628786,,1.1589446324580672,0.003131545372647251,22.189036591229893,,0.07206728484592745,0.222815401039391,0.06793071974067413,,,🟢 Low,➡️,2026-10-05T00:24Z
GILD,Gilead Sciences,Health Care,Biotechnology,0000882095,True,2026-06-30,10-Q,2026-03-31,10-Q,0.0350751570907858,0.035839164724543855,-0.000764007633758057,0.0350751570907858,0.035839164724543855,0.02811216663065307,0.02757707850383906,,1.265426497277677,0.17239982172521373,10.616525423728813,0.34468791769614,0.05925610793727969,0.044568696568210366,0.2030306713666383,,0.5001620679875207,🟢 Low,➡️,2026-10-05T00:24Z
GPN,Global Payments,Financials,Transaction & Payment Processing Services,0001123360,True,2026-06-30,10-Q,2026-03-31,10-Q,0.35852812706259607,0.35771930789269835,0.0008088191698977232,0.35852812706259607,0.35771930789269835,0.05148524490517145,0.05144118814817114,1.7136705077867156,0.8245017344461183,0.02202333801508474,,0.3522137331223902,-0.03907218866794895,0.06315021000715279,0.027599803044610193,0.5835427495869939,0.06252833420164194,🟢 Low,➡️,2026-10-05T00:24Z
GL,Globe Life,Financials,Life & Health Insurance,0000320335,True,2026-06-30,10-Q,2026-03-31,10-Q,0.30667393478008936,0.30532223356898625,0.001351701211103118,0.30667393478008936,0.30532223356898625,0.13133115321436895,0.13172811696664785,4.1272689318961016,,0.03679167686204007,8.957676266277678,0.19372312246363974,,0.28633313456381604,0.04007956399170801,0.24229097170573563,0.1899188718112138,🟢 Low,➡️,2026-10-05T00:24Z
GDDY,GoDaddy,Information Technology,Internet Services & Infrastructure,0001609711,True,2026-06-30,10-Q,2026-03-31,10-Q,0.18124104057661086,0.17225007714507073,0.008990963431540128,0.18124104057661086,0.17225007714507073,0.05435657455966333,0.04493461122598775,,0.6321253484571758,0.10942150413925919,6.297765363128492,,-0.1435735187454668,-0.3970437435910262,0.14097241327564214,,,🟢 Low,➡️,2026-10-05T00:24Z
GS,Goldman Sachs,Financials,Investment Banking & Brokerage,0000886982,True,2026-06-30,10-Q,2026-03-31,10-Q,0.5231277894477713,0.5202950750583153,0.0028327143894559814,0.5231277894477713,0.5202950750583153,0.3402514359653434,0.3402514359653434,16.334824265532582,,0.00807252488707348,,,,0.08194345942658567,,0.061218901638878206,,🟡 Medium,➡️,2026-10-05T00:24Z
HAL,Halliburton,Energy,Oil & Gas Equipment & Services,0000045012,True,2026-06-30,10-Q,2026-03-31,10-Q,0.14161651857819843,0.14002972342561426,0.0015867951525841695,0.14161651857819843,0.14002972342561426,0.08461425882515657,0.0842346818853409,1.3420526793823797,2.018345507049431,0.049674771565742605,-7.609427609427609,0.07138485506036833,0.23211243611584328,0.6087192194517578,0.08750193588353725,0.7451272333513806,0.6958726962985907,🟢 Low,➡️,2026-10-05T00:24Z
HIG,Hartford (The),Financials,Property & Casualty Insurance,0000874766,True,2026-06-30,10-Q,2026-03-31,10-Q,0.32349534663560503,0.32584942364783015,-0.0023540770122251198,0.32349534663560503,0.32584942364783015,0.1485265209224991,0.149425472097635,3.481383385116895,,0.0435993316890763,11.376884422110553,0.13522278623801468,,0.3017969380448496,0.025732243728902173,0.28724213606437454,0.3224259231897071,🟢 Low,➡️,2026-10-05T00:24Z
HAS,Hasbro,Consumer Discretionary,Leisure Products,0000046080,True,2026-06-28,10-Q,2026-03-29,10-Q,0.44254577305976295,0.4498361940957314,-0.007290421035968442,0.44254577305976295,0.4498361940957314,0.6367059895702664,0.647068147842313,,1.661283740453565,-0.053402239448751075,0.05958132045088567,-0.060083117463985536,0.18788511230371696,0.2837242430265686,0.0018386006758099782,,0.8888060690386271,🟡 Medium,➡️,2026-10-05T00:24Z
HCA,HCA Healthcare,Health Care,Health Care Facilities,0000860730,True,2026-03-31,10-Q,2025-12-31,10-K,0.2669834888063486,0.26001768367924044,0.006965805127108149,0.2669834888063486,0.26001768367924044,0.03373480754727604,0.033002874877463284,,0.8335237303977567,0.1103986981285598,,0.08973544973544974,-0.052172497965825876,-0.09728234336859236,,,1.2302685109845404,🟢 Low,➡️,2026-10-05T00:24Z
DOC,Healthpeak Properties,Real Estate,Health Care REITs,0000765880,True,2026-06-30,10-Q,2026-03-31,10-Q,0.3518683379458369,0.35477599007767463,-0.0029076521318377457,0.3518683379458369,0.35477599007767463,0.08694049915925794,0.08778158312229385,1.5528354632078778,,0.0032909063015825702,,0.02527783761415363,,,,0.643983231767634,0.13018939166457488,🟢 Low,➡️,2026-10-05T00:24Z
HSIC,Henry Schein,Health Care,Health Care Distributors,0001000228,True,2026-06-27,10-Q,2026-03-28,10-Q,0.38195032984488325,0.3740665568755847,0.007883772969298541,0.38195032984488325,0.3740665568755847,0.036333099344762525,0.033241322224493254,2.108964206525182,1.3188073394495412,0.03497056497671558,4.3533333333333335,0.0301469588497799,0.09770670415604955,0.28117037167208503,0.05737632896933486,0.4741664163412436,1.1600030753009403,🟢 Low,➡️,2026-10-05T00:24Z
HSY,Hershey Company (The),Consumer Staples,Packaged Foods & Meats,0000047111,True,2026-06-28,10-Q,2026-03-29,10-Q,0.09657669095162909,0.09736960043147756,-0.0007929094798484748,0.09657669095162909,0.09736960043147756,0.027486289845615144,0.027486289845615144,,1.1800970090419873,0.06321160187480875,6.4123199558730635,0.10837907417421386,0.043209600880323065,0.4160983584688585,0.10316486333837446,,0.5832454498845349,🟢 Low,➡️,2026-10-05T00:24Z
HPE,Hewlett Packard Enterprise,Information Technology,"Technology Hardware, Storage & Peripherals",0001645590,True,2026-07-31,10-Q,2026-04-30,10-Q,0.402991182686681,0.41558770285011726,-0.012596520163436264,0.402991182686681,0.41558770285011726,0.3435227820243511,0.3557509472738978,,1.1126626363516887,0.0006818508062586727,-0.39799635701275043,0.001662001399580126,0.04101870902914015,-0.011340255514617925,-0.005227522847983157,,0.41025886406048134,🟡 Medium,➡️,2026-10-05T00:24Z
HLT,Hilton Worldwide,Consumer Discretionary,"Hotels, Resorts & Cruise Lines",0001585689,True,2026-06-30,10-Q,2026-03-31,10-Q,0.2911751228780251,0.28922053672100706,0.0019545861570180456,0.2911751228780251,0.28922053672100706,0.18850206284187784,0.19728100715712407,-3.6804696176423923,0.6491331757289204,0.08607041587901701,4.73286467486819,0.12102334080903729,-0.10521030245746692,-0.04194234404536862,0.15908553875236295,-0.27170445728080006,0.7111885633270322,🟢 Low,➡️,2026-10-05T00:24Z
HD,Home Depot (The),Consumer Discretionary,Home Improvement Retail,0000354950,True,2026-08-02,10-Q,2026-05-03,10-Q,0.03588842595843247,0.036956934312608464,-0.0010685083541759968,0.03588842595843247,0.036956934312608464,0.12595008361917634,0.13581273229822524,5.582656315821147,1.0780839144849663,0.12941563665618372,10.751415337107566,0.21391441005802708,0.02497623052731661,0.8954600307174724,0.19097857090616543,0.17912619789364753,0.6049879324215608,🟢 Low,➡️,2026-10-05T00:24Z
HONA,Honeywell Aerospace,Industrials,Aerospace & Defense,0002089271,True,2026-06-27,10-Q,2025-12-31,10-Q,0.4146179101212596,0.2921392450616069,0.12247866505965271,0.4146179101212596,0.2921392450616069,0.22518306270623092,0.028237214895322254,-4.387221344567316,1.525809951945435,,,,0.17510711888906097,,,-0.22793470432903898,,🟡 Medium,🔺,2026-10-05T00:24Z
HON,Honeywell Technologies,Industrials,Industrial Conglomerates,0000773840,True,2026-06-30,10-Q,2026-03-31,10-Q,0.055708185903909024,0.05482021792260389,0.0008879679813051378,0.055708185903909024,0.05482021792260389,0.027768763236990693,0.027336414402387765,,1.21061481417608,0.06114242863053372,,0.12945878616989243,0.06315939180802647,0.7234821059164254,0.10507602399669011,,0.4722926148117501,🟢 Low,➡️,2026-10-05T00:24Z
HRL,Hormel Foods,Consumer Staples,Packaged Foods & Meats,0000048465,True,2026-07-26,10-Q,2026-04-26,10-Q,0.1279998669561311,0.1288977648768911,-0.0008978979207600046,0.1279998669561311,0.1288977648768911,0.027336414402387765,0.027336414402387765,,1.881672857553745,0.03597626364221404,9.789964851093975,,0.12430373606287204,0.5591189566908371,0.05406276279877526,,,🟢 Low,➡️,2026-10-05T00:24Z
HST,Host Hotels & Resorts,Real Estate,Hotel & Resort REITs,0001070750,True,2026-06-30,10-Q,2026-03-31,10-Q,0.2877029794996962,0.25968744873176647,0.02801553076792973,0.2877029794996962,0.25968744873176647,0.028064460457073736,0.028025767525397708,1.0386662492172825,,0.05772277974798159,4.476439790575916,0.14200853907555225,,-0.053723685203350184,0.06451369501245001,0.9627731725697061,0.4064740058854599,🟢 Low,🔺,2026-10-05T00:24Z
HWM,Howmet Aerospace,Industrials,Aerospace & Defense,0000004281,True,2026-06-30,10-Q,2026-03-31,10-Q,0.07458826282692113,0.07846446099025443,-0.0038761981633333026,0.07458826282692113,0.07846446099025443,0.027729029848126852,0.02755775636815037,1.311758548499651,1.8183000867302688,0.11380273186929288,9.385321100917432,,0.1424043468417478,0.3856312731114633,0.154403441249717,0.7623354169437425,,🟢 Low,➡️,2026-10-05T00:24Z
HPQ,HP Inc.,Information Technology,"Technology Hardware, Storage & Peripherals",0000047217,True,2026-07-31,10-Q,2026-04-30,10-Q,0.3601392584889109,0.3527960152986623,0.007343243190248594,0.3601392584889109,0.3527960152986623,0.03308567105125969,0.03329775239712435,,0.7875040485233931,0.055337957593925735,5.597883597883598,0.04573650420472014,-0.1579177698518632,-0.046322837574670137,0.06945143432310015,,1.2099297608367432,🟢 Low,➡️,2026-10-05T00:24Z
HUBB,Hubbell Incorporated,Industrials,Industrial Machinery & Supplies & Components,0000048898,True,2026-03-31,10-Q,2025-12-31,10-K,0.11918741691489264,0.06313637382090641,0.05605104309398623,0.11918741691489264,0.06313637382090641,0.02755775636815037,0.027729029848126852,1.2308284243485645,1.5788169014084508,0.10538508143554652,20.046434494195687,,0.12205234208869406,,0.14360217161457406,0.812460924867953,,🟢 Low,🔺,2026-10-05T00:24Z
HUM,Humana,Health Care,Managed Health Care,0000049071,True,2026-03-31,10-Q,2025-12-31,10-K,0.44611846452360127,0.45188658390167596,-0.005768119378074699,0.44611846452360127,0.45188658390167596,0.041207258195712006,0.03699682523490337,1.9716899892357374,1.7705863207327848,0.021490593342981187,5.484787018255578,0.009162142152023692,0.29980101302460205,0.545459479015919,0.04891461649782923,0.5071791232188677,2.3455861070911723,🟡 Medium,➡️,2026-10-05T00:24Z
HBAN,Huntington Bancshares,Financials,Regional Banks,0000049196,True,2026-03-31,10-Q,2025-12-31,10-K,0.5091482280951112,0.5053624931483478,0.003785734946763375,0.5091482280951112,0.5053624931483478,0.2829089890960882,0.2965327960545417,7.769817120024589,,0.007747781842647491,,,,0.02282985016049227,,0.1287031579447053,,🟡 Medium,➡️,2026-10-05T00:24Z
HII,Huntington Ingalls Industries,Industrials,Aerospace & Defense,0001501585,True,2026-06-30,10-Q,2026-03-31,10-Q,0.1754414259932666,0.1765956499928577,-0.001154223999591114,0.1754414259932666,0.1765956499928577,0.02792256240274842,0.02792256240274842,,1.2301557159134067,0.04770540924144457,6.257142857142857,0.04846203140019224,0.04778426115754613,0.45182147926194605,0.05180570887872575,,0.9843873206118908,🟢 Low,➡️,2026-10-05T00:24Z
IBM,IBM,Information Technology,IT Consulting & Other Services,0000051143,True,2026-06-30,10-Q,2026-03-31,10-Q,0.09602392077821377,0.10357198187224306,-0.007548061094029293,0.09602392077821377,0.10357198187224306,0.11051239057266214,0.118299850720794,3.4122257053291536,0.7907663176654043,0.06964542830656349,,0.15685200266528468,-0.04940203420140829,1.0252335649807034,,0.2930638493339458,0.4440200132808237,🟢 Low,➡️,2026-10-05T00:24Z
IEX,IDEX Corporation,Industrials,Industrial Machinery & Supplies & Components,0000832101,True,2026-06-30,10-Q,2026-03-31,10-Q,0.09712795005531485,0.10519277166056522,-0.008064821605250364,0.09712795005531485,0.10519277166056522,0.02755775636815037,0.02755775636815037,0.7293912175648702,3.0490027510316366,0.06972582972582973,13.526112185686653,0.13975415762834417,0.17196248196248196,0.6717748917748918,0.1009090909090909,1.371006362454676,0.4989177489177489,🟢 Low,➡️,2026-10-05T00:24Z
IDXX,Idexx Laboratories,Health Care,Health Care Equipment,0000874716,True,2026-06-30,10-Q,2026-03-31,10-Q,0.00018867757298751732,0.0001988264671425569,-1.0148894155039587e-05,0.00018867757298751732,0.0001988264671425569,0.03304259165990511,0.03304259165990511,1.134682107808939,1.172268408320487,0.30777480983111755,32.70799163079291,,0.06443998042026705,2.036048205651106,0.39508967023837016,0.8813041054564533,,🟢 Low,➡️,2026-10-05T00:24Z
ITW,Illinois Tool Works,Industrials,Industrial Machinery & Supplies & Components,0000049826,True,2026-06-30,10-Q,2026-03-31,10-Q,0.005770819571879066,0.005570117999120945,0.00020070157275812062,0.005770819571879066,0.005570117999120945,0.02923446670032498,0.02940621773061693,,1.1086846967915336,,15.849624060150376,,0.0392263853522493,1.8680732387534862,0.2556080999151206,,0.8953558869892082,🟢 Low,➡️,2026-10-05T00:24Z
ILMN,"Illumina, Inc.",Health Care,Life Sciences Tools & Services,0001110803,True,2026-06-28,10-Q,2026-03-29,10-Q,0.08765211263653218,0.08985895658417518,-0.0022068439476430057,0.08765211263653218,0.08985895658417518,0.027579889486342893,0.02791411889136933,,1.7959442332065907,0.12781954887218044,10.480519480519481,,0.18887218045112783,-0.007669172932330827,0.12135338345864662,,,🟢 Low,➡️,2026-10-05T00:24Z
INCY,Incyte,Health Care,Biotechnology,0000879169,True,2026-03-31,10-Q,2025-12-31,10-K,0.011808440733141074,0.013004868770004284,-0.0011964280368632098,0.011808440733141074,0.013004868770004284,0.030241671702755973,0.02976383287425433,0.305230784333986,3.6815786806153663,0.1753141013089729,593.8294786358291,0.3790245490310446,0.5442907065199841,0.07045796951211952,0.2064090033768386,3.276209515308233,0.46254022795397753,🟢 Low,➡️,2026-10-05T00:24Z
IR,Ingersoll Rand,Industrials,Industrial Machinery & Supplies & Components,0001699150,True,2026-06-30,10-Q,2026-03-31,10-Q,0.19589536293675144,0.22203682638654182,-0.026141463449790375,0.19589536293675144,0.22203682638654182,0.027779536455622495,0.027779536455622495,0.7812582905092706,1.6158453887884268,0.03195541411776345,7.304403318442884,0.24475877746905783,0.08984780780582717,0.1916170626741636,0.06291050395457869,1.279986416973752,0.13055880752551652,🟢 Low,🔻,2026-10-05T00:24Z
PODD,Insulet Corporation,Health Care,Health Care Equipment,0001145197,True,2026-06-30,10-Q,2026-03-31,10-Q,0.15449249192291167,0.15559121540556012,-0.0010987234826484449,0.15449249192291167,0.15559121540556012,0.028531877438868158,0.028531877438868158,1.2254957108704823,2.484681537221177,0.07807020315313892,13.088397790055248,0.09124478416602046,0.34908849641401535,0.14960032858361505,0.14969511231872612,0.8159963279591486,0.8556127768474929,🟢 Low,➡️,2026-10-05T00:24Z
INTC,Intel,Information Technology,Semiconductors,0000050863,True,2026-06-27,10-Q,2026-03-28,10-Q,0.35525250249788853,0.3629568410602036,-0.007704338562315061,0.35525250249788853,0.3629568410602036,0.32287194073283204,0.28139245378849725,,1.6039529015979814,-0.001318915821556123,-2.521640091116173,,0.10641724173701708,0.16717134544233078,-0.0109366278236901,,,🟢 Low,➡️,2026-10-05T00:24Z
IBKR,Interactive Brokers,Financials,Investment Banking & Brokerage,0001381197,True,2026-06-30,10-Q,2026-03-31,10-Q,0.5857098060350806,0.5761534605461279,0.009556345488952678,0.5857098060350806,0.5761534605461279,0.5508002567591158,0.5508002567591158,38.11974932249323,,0.0001800702764557699,,0.017260852713178294,,0.015644396281574872,,0.02623312109269125,0.010432293204048376,🟡 Medium,➡️,2026-10-05T00:24Z
ICE,Intercontinental Exchange,Financials,Financial Exchanges & Data,0001571949,True,2026-06-30,10-Q,2026-03-31,10-Q,0.37831426757346537,0.3850111248361193,-0.006696857262653955,0.37831426757346537,0.3850111248361193,0.15611046482743687,0.15759223936317396,4.893066224493249,1.0123407643312101,0.019024717785672062,6.100247524752476,0.5682207747685979,0.008539601829586735,0.12660763169523723,0.028287431060506064,0.20437082886683494,0.033481207710893156,🟢 Low,➡️,2026-10-05T00:24Z
IFF,International Flavors & Fragrances,Materials,Specialty Chemicals,0000051253,True,2026-06-30,10-Q,2026-03-31,10-Q,0.4545668931355331,0.45566892551021265,-0.0011020323746795402,0.4545668931355331,0.45566892551021265,0.26159008712702747,0.28270363115234887,,2.0607709750566894,0.013508030531923352,-1.0052631578947369,,0.18597439771010574,-0.1352468792239803,-0.015186451459012483,,,🟡 Medium,➡️,2026-10-05T00:24Z
IP,International Paper,Materials,Paper & Plastic Packaging Products & Materials,0000051434,True,2026-06-30,10-Q,2026-03-31,10-Q,0.43369461364440165,0.43137999003774125,0.0023146236066604042,0.43369461364440165,0.43137999003774125,0.3312817561227052,0.35426663115753726,,1.0983213429256595,-0.0962733769612004,4.284936479128857,,0.02020755181950111,0.12157388899537253,0.06464773691848526,,,🟡 Medium,➡️,2026-10-05T00:24Z
INTU,Intuit,Information Technology,Application Software,0000896878,True,2026-07-31,10-K,2026-04-30,10-Q,0.044643039798000266,0.04331540913700782,0.0013276306609924446,0.044643039798000266,0.04331540913700782,0.02755775636815037,0.02755775636815037,0.9369208087615838,1.5065433435009348,0.12412330778013375,,0.2128869824692279,0.13994454412004567,0.5177513184363617,0.15995215571141194,1.0673260649657188,0.5830478986570978,🟢 Low,➡️,2026-10-05T00:24Z
ISRG,Intuitive Surgical,Health Care,Health Care Equipment,0001035267,True,2026-06-30,10-Q,2026-03-31,10-Q,0.0040935149565807264,0.003749561988196145,0.0003439529683845815,0.0040935149565807264,0.003749561988196145,0.03173410511117603,0.03173410511117603,0.14194425486008674,4.962660564771959,0.1368038856901986,,,0.36499238381728827,0.32750543670904264,0.1410909822480672,7.045019194230098,,🟢 Low,➡️,2026-10-05T00:24Z
IVZ,Invesco,Financials,Asset Management & Custody Banks,0000914208,True,2026-06-30,10-Q,2026-03-31,10-Q,0.3713938779694165,0.3718738311558331,-0.0004799531864166373,0.3713938779694165,0.3718738311558331,0.20287564292068327,0.20184594784894241,1.1227559553877116,,0.019582791894616917,-9.86808510638298,0.10124009710016747,,0.22823780352417455,-0.0253229522696747,0.8906655050025352,0.19342920893528578,🟢 Low,➡️,2026-10-05T00:24Z
INVH,Invitation Homes,Real Estate,Single-Family Residential REITs,0001687229,True,2026-06-30,10-Q,2026-03-31,10-Q,0.3936689007131054,0.3972972006035092,-0.0036282998904038077,0.3936689007131054,0.3972972006035092,0.11691397496382498,0.11808483637008882,1.033274588524032,,0.031868718598072124,0.35448948440128714,0.21541232610900393,,-0.08612631726158114,0.006407470386176295,0.9677969545621338,0.1479428739001025,🟢 Low,➡️,2026-10-05T00:24Z
IQV,IQVIA,Health Care,Life Sciences Tools & Services,0001478242,True,2026-03-31,10-Q,2025-12-31,10-K,0.27900697942734026,0.28185790897508484,-0.002850929547744574,0.27900697942734026,0.28185790897508484,0.11774232675233452,0.11519347114855572,3.749557948882816,0.7467883299315644,0.04582982308340354,2.993141289437586,0.13964472738474176,-0.07106992417860152,0.2594439764111205,0.07352990732940186,0.2666981051187516,0.32818871103622577,🟢 Low,➡️,2026-10-05T00:24Z
IRM,Iron Mountain,Real Estate,Other Specialized REITs,0001020569,True,2026-06-30,10-Q,2026-03-31,10-Q,0.2542282134989971,0.2535903226596657,0.000637890839331412,0.2542282134989971,0.2535903226596657,0.2651852546915113,0.26441603534547103,,0.7260473245106343,-0.0024549722114453445,4.46392832074625,-0.01200036245992736,-0.03615436209391731,,0.053008361207212314,,0.20457483843868868,🟢 Low,➡️,2026-10-05T00:24Z
JBHT,J.B. Hunt,Industrials,Cargo Ground Transportation,0000728535,True,2026-06-30,10-Q,2026-03-31,10-Q,0.16116460605669497,0.16155230363444378,-0.0003876975777488134,0.16116460605669497,0.16155230363444378,0.027976781157716943,0.027976781157716943,,1.2552034626760704,0.07530506201683672,10.947468995191091,0.08321529193409118,0.04640570195919886,,0.10888523253890794,,0.904942592480243,🟢 Low,➡️,2026-10-05T00:24Z
JBL,Jabil,Information Technology,Electronic Manufacturing Services,0000898293,True,2026-05-31,10-Q,2026-02-28,10-Q,0.517721689703798,0.4900420819028482,0.027679607800949746,0.517721689703798,0.4900420819028482,0.22939649759070088,0.23593025069828275,17.000755857898714,0.9809302576846199,0.02758302195726101,7.827814569536423,0.025986539210009207,-0.014820101599563373,0.2938830345522482,0.049624249548679625,0.0588209141027921,1.0614349888744279,🟡 Medium,🔺,2026-10-05T00:24Z
JKHY,Jack Henry & Associates,Financials,Transaction & Payment Processing Services,0000779152,True,2026-06-30,10-K,2026-03-31,10-Q,0.005504297511452422,0.004239703163399448,0.0012645943480529744,0.005504297511452422,0.004239703163399448,0.028567941271489303,0.028979755508723722,0.5330356651164332,1.1669354360266,0.15982904977602838,42.13049824188947,0.327199673565651,0.02951828696278838,1.1778465981140671,0.20187264500775817,1.8760470742263857,0.4884755783350727,🟢 Low,➡️,2026-10-05T00:24Z
J,Jacobs Solutions,Industrials,Construction & Engineering,0000052988,True,2026-06-26,10-Q,2026-03-27,10-Q,0.31554663842231506,0.3126317070716595,0.0029149313506555696,0.31554663842231506,0.3126317070716595,0.03137729047402917,0.030840948821361274,,1.287412651977654,0.024637546150268457,5.13737597258905,0.019308831186268933,0.09675202930047101,0.08059255931391993,0.07354018349580056,,1.2759729427739226,🟢 Low,➡️,2026-10-05T00:24Z
JNJ,Johnson & Johnson,Health Care,Pharmaceuticals,0000200406,True,2026-06-28,10-Q,2026-03-29,10-Q,0.04126555824069568,0.043616493389310465,-0.0023509351486147856,0.04126555824069568,0.043616493389310465,0.02875676987040393,0.02928450195189233,1.3662308316955196,1.0888787685581565,0.13331277572478004,27.966321243523318,,0.024266267451171535,0.8537956142663172,0.10738034725779738,0.7319407356361444,,🟢 Low,➡️,2026-10-05T00:24Z
JCI,Johnson Controls,Industrials,Building Products,0000833444,True,2026-03-31,10-Q,2025-12-31,10-Q,0.18913290110874453,0.18716420452198032,0.0019686965867642126,0.18913290110874453,0.18716420452198032,0.03933504840197515,0.039628296905789215,,1.0363979255068363,0.08580591333368097,3.928888888888889,0.33235709957584325,0.01006413933357668,0.0,0.023048443447880273,,0.25817385409605254,🟢 Low,➡️,2026-10-05T00:24Z
JPM,JPMorgan Chase,Financials,Diversified Banks,0000019617,True,2026-06-30,10-Q,2026-03-31,10-Q,0.42428288087812616,0.4247262372103403,-0.00044335633221415094,0.42428288087812616,0.4247262372103403,0.19149501468682303,0.19012123101623035,12.387869129039665,,0.011375317069416193,,0.31268258727192005,,0.08873656573817827,,0.08072413339077003,0.036379758683280326,🟡 Medium,➡️,2026-10-05T00:24Z
KVUE,Kenvue,Consumer Staples,Personal Care Products,0001944048,True,2026-06-28,10-Q,2026-03-29,10-Q,0.2828698161564079,0.2846375765658505,-0.001767760409442598,0.2828698161564079,0.2846375765658505,0.0288511668482123,0.029344683453228455,1.5334028238415616,1.005454235554798,0.05498410323545914,9.656,,0.0011969328595474098,-0.002618290630259959,0.09029362259210773,0.6521443579285626,,🟢 Low,➡️,2026-10-05T00:24Z
KDP,Keurig Dr Pepper,Consumer Staples,Soft Drinks & Non-alcoholic Beverages,0001418135,True,2026-06-30,10-Q,2026-03-31,10-Q,0.426024558541025,0.39449344701548117,0.03153111152554383,0.426024558541025,0.39449344701548117,0.054241916408679536,0.028878970790565898,2.1561601150527325,0.47930492932772684,0.02372773028680994,7.207661290322581,,-0.11730332462137208,0.060785902601034024,0.04080165260959381,0.46378744928019566,,🟡 Medium,🔺,2026-10-05T00:24Z
KEY,KeyCorp,Financials,Regional Banks,0000091576,True,2026-06-30,10-Q,2026-03-31,10-Q,0.41781718221542186,0.41652826641672014,0.0012889157987017175,0.41781718221542186,0.41652826641672014,0.23524240168203536,0.23233209956343415,8.663450853621578,,0.009560049551268313,,0.24344469586050846,,0.08296701286346744,,0.1154274453559081,0.039269902831426375,🟡 Medium,➡️,2026-10-05T00:24Z
KEYS,Keysight Technologies,Information Technology,Electronic Equipment & Instruments,0001601046,True,2026-07-31,10-Q,2026-04-30,10-Q,0.07980171026533256,0.0838545714201815,-0.004052861154848944,0.07980171026533256,0.0838545714201815,0.02755775636815037,0.02755775636815037,0.8141835337087201,2.023736600306279,0.07130274305846825,9.125,0.15813953488372093,0.22431004110393424,0.6796409697173056,0.07348376814025669,1.2282242990654206,0.4508849928697257,🟢 Low,➡️,2026-10-05T00:24Z
KMB,Kimberly-Clark,Consumer Staples,Household Products,0000055785,True,2026-06-30,10-Q,2026-03-31,10-Q,0.06156424329656887,0.0550813384039804,0.006482904892588473,0.06156424329656887,0.0550813384039804,0.02776745404311344,0.02798776514535842,,0.9092730394962794,0.10892529912687292,9.18359375,0.12287955250197605,-0.03417052926592649,0.526301606122669,0.1267112212999892,,0.8864395817613453,🟢 Low,➡️,2026-10-05T00:24Z
KIM,Kimco Realty,Real Estate,Retail REITs,0000879101,True,2026-06-30,10-Q,2026-03-31,10-Q,0.30608488218082064,0.2938029716850914,0.012281910495729242,0.30608488218082064,0.2938029716850914,0.03779539794726051,0.037729941962694115,0.9359326356050659,,0.029191872657874672,2.3344407563992298,0.27322864741911185,,-0.028770225199481282,0.038481595882212685,1.0684529654781356,0.10684045371383247,🟢 Low,➡️,2026-10-05T00:24Z
KMI,Kinder Morgan,Energy,Oil & Gas Storage & Transportation,0001506307,True,2026-06-30,10-Q,2026-03-31,10-Q,0.32111867558370577,0.3219808196195968,-0.0008621440358910215,0.32111867558370577,0.3219808196195968,0.03907325738283241,0.03994064285335238,1.3019822326198982,0.4582964405879228,0.041262725824309364,2.614277808522413,0.18043337072681112,-0.041303232426885585,-0.13039075369285194,0.06378439685668764,0.7680596362576791,0.22868677594447895,🟢 Low,➡️,2026-10-05T00:24Z
KKR,KKR & Co.,Financials,Asset Management & Custody Banks,0001404912,True,2026-06-30,10-Q,2026-03-31,10-Q,0.463842540159753,0.4646928343660546,-0.0008502942063015606,0.463842540159753,0.4646928343660546,0.27812895720800185,0.27812895720800185,10.758163123422996,,0.00571935647937817,,0.1217851218643438,,0.035152391573875584,,0.09295267124391988,0.04696268634315569,🟡 Medium,➡️,2026-10-05T00:24Z
KLAC,KLA Corporation,Information Technology,Semiconductor Materials & Equipment,0000319201,True,2026-06-30,10-K,2026-03-31,10-Q,0.05739762064796008,0.05353766875196743,0.0038599518959926485,0.05739762064796008,0.05353766875196743,0.050616968227488825,0.039006448808536,1.827093523910914,2.876190467341258,0.2691007203562258,2.600087559776386,,0.4499260369656411,0.20521164346113022,0.043008578375052606,0.5473173578216669,,🟢 Low,➡️,2026-10-05T00:24Z
KHC,Kraft Heinz,Consumer Staples,Packaged Foods & Meats,0001637459,True,2026-06-27,10-Q,2026-03-28,10-Q,0.7754110374820333,0.7242904209901183,0.051120616491915016,0.7754110374820333,0.7242904209901183,0.8389798269466962,0.8044566422654659,1.0258012553463312,1.0613813675998165,-0.08001094915486211,-4.9303062302006335,,0.007322247314035448,-0.12716074727981935,-0.06390200506398412,0.9748477054284554,,🔴 High,🔺,2026-10-05T00:24Z
KR,Kroger,Consumer Staples,Food Retail,0000056873,True,2026-08-15,10-Q,2026-05-23,10-Q,0.3063327577465786,0.3034164077902324,0.002916349956346209,0.3063327577465786,0.3034164077902324,0.23169365599556338,0.22474825999453288,7.473458904109589,0.7018134433706157,0.02052898506799216,4.285714285714286,,-0.1109696712533592,0.6050999171566548,0.038188761593016915,0.13380685072746018,,🟢 Low,➡️,2026-10-05T00:24Z
LHX,L3Harris,Industrials,Aerospace & Defense,0000202058,True,2026-07-03,10-Q,2026-04-03,10-Q,0.2581746105072743,0.2545753735251422,0.0035992369821321035,0.2581746105072743,0.2545753735251422,0.02739749829432182,0.027398014939135365,1.1109546323307515,1.1838675589996477,0.03740276678000838,7.814814814814815,0.2597864768683274,0.03647119101960967,0.1099958079090782,0.049140621361032186,0.9001267656646142,0.1439750337696213,🟢 Low,➡️,2026-10-05T00:24Z
LH,Labcorp,Health Care,Health Care Services,0000920148,True,2026-06-30,10-Q,2026-03-31,10-Q,0.2074509416343953,0.208073422188896,-0.0006224805545006762,0.2074509416343953,0.208073422188896,0.028126406804336524,0.028126406804336524,1.1513105916252266,1.7955850513037748,0.047295802463806436,6.178937974118697,0.06282388526129433,0.09120832276619739,0.4695261786178726,0.07471819471948976,0.8685753499308716,0.7528315427658736,🟢 Low,➡️,2026-10-05T00:24Z
LRCX,Lam Research,Information Technology,Semiconductor Materials & Equipment,0000707549,True,2026-06-28,10-K,2026-03-29,10-Q,0.00023536137979185374,0.0001127913410245501,0.00012257003876730364,0.00023536137979185374,0.0001127913410245501,0.03283070706960969,0.03236882292699834,0.8867686676870137,2.629282517879914,0.3087749832201737,43.97568941661036,2.244003986789359,0.41111609251320763,1.4853648847758345,0.34848638168296187,1.12768982085072,0.1376000154357827,🟢 Low,➡️,2026-10-05T00:24Z
LVS,Las Vegas Sands,Consumer Discretionary,Casinos & Gaming,0001300514,True,2026-06-30,10-Q,2026-03-31,10-Q,0.272119331844914,0.24744222758413517,0.02467710426077882,0.272119331844914,0.24744222758413517,0.19291459648620046,0.1951930794143244,32.72289156626506,0.9967524936209696,0.08172183434627556,3.777479892761394,0.1249903971729277,-0.0007031995579888493,0.24611984529609723,0.1415440253151841,0.03055964653902798,0.6538249033100608,🟢 Low,🔺,2026-10-05T00:24Z
LDOS,Leidos,Industrials,Diversified Support Services,0001336920,True,2026-07-03,10-Q,2026-04-03,10-Q,0.16890736207475543,0.17317797302298402,-0.004270610948228587,0.16890736207475543,0.17317797302298402,0.032162874435827354,0.03580322452840711,1.9485238455715368,1.629192546583851,0.09263050153531217,11.4,0.0843134971468499,0.1296059365404299,0.33386642784032755,0.13491555783009213,0.5132090132090132,1.0986438075742067,🟢 Low,➡️,2026-10-05T00:24Z
LEN,Lennar,Consumer Discretionary,Homebuilding,0000920760,True,2026-05-31,10-Q,2026-02-28,10-Q,0.07780646708766473,0.0709185191843614,0.006887947903303326,0.07780646708766473,0.0709185191843614,0.028707151616065574,0.02914751559727999,0.5520525805020184,,0.06166437027718833,752.7466493731085,0.060788691960501635,,0.6753147304767703,0.10332509382755137,1.8114216567752166,1.014405283095344,🟢 Low,➡️,2026-10-05T00:24Z
LII,Lennox International,Industrials,Building Products,0001069202,True,2026-03-31,10-Q,2025-12-31,10-K,0.012073550116547987,0.009982440910011992,0.0020911092065359956,0.012073550116547987,0.009982440910011992,0.07924010655675692,0.07660369826841572,2.5362879973638686,1.5722243713733075,0.18771402613739605,25.464547677261614,0.1551017265605451,0.1722924965639341,1.1561488107717754,0.24262119412025066,0.39427699103546837,1.2102639364502528,🟢 Low,➡️,2026-10-05T00:24Z
LLY,Lilly (Eli),Health Care,Pharmaceuticals,0000059478,True,2026-06-30,10-Q,2026-03-31,10-Q,0.07758887105487475,0.06064492034951473,0.01694395070536002,0.07758887105487475,0.06064492034951473,0.027336414402387765,0.02757707850383906,,1.3546427598919168,0.14506300823007667,,0.31666641096058545,0.11899524187710409,0.22415186635086412,,,0.4580940801079539,🟢 Low,➡️,2026-10-05T00:24Z
LIN,Linde plc,Materials,Industrial Gases,0001707925,True,2026-06-30,10-Q,2026-03-31,10-Q,0.16168913193943246,0.15784322503064474,0.003845906908787722,0.16168913193943246,0.15784322503064474,0.02978026732257214,0.028247470767377932,1.2210281210818557,0.8790227568673653,0.07807671846879988,,,-0.02208287586729901,0.21283772312080498,0.10099718163193698,0.8189819568725246,,🟢 Low,➡️,2026-10-05T00:24Z
LYV,Live Nation Entertainment,Communication Services,Movies & Entertainment,0001335258,True,2026-06-30,10-Q,2026-03-31,10-Q,0.40531562487365913,0.40589643384412544,-0.0005808089704663066,0.40531562487365913,0.40589643384412544,0.06272478372891167,0.03647042798769099,,0.8515305961224158,0.017599626071996614,3.959134014485829,0.019680330533939257,-0.09253121253436646,-0.04033366516652138,0.04439958573251188,,0.8942749229564811,🟡 Medium,➡️,2026-10-05T00:24Z
LMT,Lockheed Martin,Industrials,Aerospace & Defense,0000936468,True,2026-06-28,10-Q,2026-03-29,10-Q,0.26769391617854055,0.2690755915768048,-0.001381675398264226,0.26769391617854055,0.2690755915768048,0.16081798963344338,0.17029757516459698,6.122490875912408,1.1928682431013482,0.08033626901521217,8.43995633187773,0.06685054898198486,0.07353082465972778,0.2523458767013611,0.12379503602882305,0.16333221564025185,1.2017293835068055,🟢 Low,➡️,2026-10-05T00:24Z
L,Loews Corporation,Financials,Multi-line Insurance,0000060086,True,2026-06-30,10-Q,2026-03-31,10-Q,0.3464796010097983,0.34703981179275484,-0.0005602107829565384,0.3464796010097983,0.34703981179275484,0.11743903141158853,0.11642812009746024,3.5153544336908187,,0.019110835970101343,,0.09033271919367075,,0.20786903287935066,,0.28446633728198106,0.21156050809373136,🟢 Low,➡️,2026-10-05T00:24Z
LOW,Lowe's,Consumer Discretionary,Home Improvement Retail,0000060667,True,2026-07-31,10-Q,2026-05-01,10-Q,0.17275485965751872,0.18129865660060296,-0.008543796943084242,0.17275485965751872,0.18129865660060296,0.2375927132141319,0.2453863959454373,-8.513916901976604,1.1045807306454667,0.11907446180275943,30.58132530120482,,0.039548325906837746,-0.14650775755623557,0.18168966196023692,-0.11745475220316498,,🟢 Low,➡️,2026-10-05T00:24Z
LULU,Lululemon Athletica,Consumer Discretionary,"Apparel, Accessories & Luxury Goods",0001397187,True,2026-08-02,10-Q,2026-05-03,10-Q,0.011919494717893815,0.012197631190896471,-0.00027813647300265615,0.011919494717893815,0.012197631190896471,0.028375688779988483,0.028375688779988483,0.7708766160444184,2.1899840757172173,0.18612392979356193,,,0.2526862267044984,0.5143469716466748,0.26054507366188395,1.297224457438179,,🟢 Low,➡️,2026-10-05T00:24Z
LITE,Lumentum,Information Technology,Communications Equipment,0001633978,True,2026-06-27,10-K,2026-03-28,10-Q,0.9999966160753743,0.9999936940918451,2.921983529136085e-06,0.9999966160753743,0.9999936940918451,0.7182877253430892,0.6322176731641256,0.5735696289756455,1.6778472082241485,-0.9490386589120766,14.783098591549296,-17.140632723677708,0.23009237085186451,-1.0668901813205611,0.07181662675333561,1.7434674876107523,0.05536777283612727,🔴 High,➡️,2026-10-05T00:24Z
LYB,LyondellBasell,Materials,Specialty Chemicals,0001489393,True,2026-06-30,10-Q,2026-03-31,10-Q,0.22691781446182327,0.22781113427500635,-0.00089331981318308,0.22691781446182327,0.22781113427500635,0.14683066643231216,0.15059256229557938,,1.641339524412551,0.09851516733368135,-0.8805031446540881,0.11265877358803436,0.1321849080679775,0.20428049417087177,-0.012180267965895249,,0.8744562380372368,🟢 Low,➡️,2026-10-05T00:24Z
MTB,M&T Bank,Financials,Regional Banks,0000036270,True,2026-06-30,10-Q,2026-03-31,10-Q,0.39140180423395426,0.390142994867455,0.0012588093664992472,0.39140180423395426,0.390142994867455,0.13426021517836997,0.13511747667099758,6.845881342589279,,0.013002768390183389,,0.29565487918697503,,0.10051035067795915,,0.1460732300133288,0.04397954948668482,🟢 Low,➡️,2026-10-05T00:24Z
MPC,Marathon Petroleum,Energy,Oil & Gas Refining & Marketing,0001510295,True,2026-06-30,10-Q,2026-03-31,10-Q,0.1889252474186412,0.19131753583357047,-0.002392288414929278,0.1889252474186412,0.19131753583357047,0.10966731743219595,0.11296161911344138,3.5954290506893116,1.25035556690128,0.042911674265719436,,0.1301620995754535,0.0727918566429859,0.47515639910932034,0.0879122044321917,0.2781309228750547,0.329678719117803,🟢 Low,➡️,2026-10-05T00:24Z
MAR,Marriott International,Consumer Discretionary,"Hotels, Resorts & Cruise Lines",0001048286,True,2026-06-30,10-Q,2026-03-31,10-Q,0.05094003311399697,0.05330793784817863,-0.002367904734181664,0.05094003311399697,0.05330793784817863,0.027892854024337898,0.028085957025529105,,0.534665991902834,0.09261171443831227,7.329203539823009,0.09932788512945849,-0.13095958696813245,0.6928253516111803,0.14744525547445256,,0.932383834787253,🟢 Low,➡️,2026-10-05T00:24Z
MRSH,Marsh McLennan,Financials,Insurance Brokers,0000062709,True,2026-06-30,10-Q,2026-03-31,10-Q,0.07307857922200216,0.07327797692253366,-0.00019939770053149786,0.07307857922200216,0.07327797692253366,0.027669172695736665,0.02751677761898047,,1.139238728404888,0.06970275795047083,10.76643598615917,,0.049830769746322175,0.49095204584296775,0.10426929392446634,,,🟢 Low,➡️,2026-10-05T00:24Z
MLM,Martin Marietta Materials,Materials,Construction Materials,0000916076,True,2026-06-30,10-Q,2026-03-31,10-Q,0.16714931516249854,0.1910578674045416,-0.023908552242043052,0.16714931516249854,0.1910578674045416,0.027478385092167285,0.027710723497350386,0.8450545643512904,1.4065554916618745,0.053367754048345456,6.247826086956522,,0.033184698427599156,0.3691152311663929,0.06744895564421498,1.1833555396125859,,🟢 Low,🔻,2026-10-05T00:24Z
MRVL,Marvell Technology,Information Technology,Semiconductors,0001835632,True,2026-08-01,10-Q,2026-05-02,10-Q,0.17765732030285572,0.17936540184339178,-0.0017080815405360605,0.17765732030285572,0.17936540184339178,0.02793482422475715,0.028343651590784252,0.486898055213797,3.1683536707341466,0.09690215063909474,6.248937175247993,,0.19669311113207957,0.05772538886429126,0.04801013260943726,2.0538180206139867,,🟢 Low,➡️,2026-10-05T00:24Z
MAS,Masco,Industrials,Building Products,0000062996,True,2026-03-31,10-Q,2025-12-31,10-K,0.06935632689211303,0.06258830205897573,0.006768024833137307,0.06935632689211303,0.06258830205897573,0.2381154508793283,0.23824485873282683,-21.50826446280992,1.7513611615245008,0.15478692910376457,11.773584905660377,,0.23733995795910567,-0.13797057137397287,0.23848652780431875,-0.04649375600384246,,🟢 Low,➡️,2026-10-05T00:24Z
MA,Mastercard,Financials,Transaction & Payment Processing Services,0001141391,True,2026-06-30,10-Q,2026-03-31,10-Q,0.009669497459947307,0.006504586772048277,0.0031649106878990302,0.009669497459947307,0.006504586772048277,0.20018266709795499,0.16717755335515436,9.282659062555695,1.0607102863541833,0.05401189093619455,32.864347826086956,0.09502607422768443,0.026312596418852162,1.590733389956839,0.32755542458962406,0.10772775271191322,0.5683902168449152,🟢 Low,➡️,2026-10-05T00:24Z
MKC,McCormick & Company,Consumer Staples,Packaged Foods & Meats,0000063754,True,2026-08-31,10-Q,2026-05-31,10-Q,0.22966445467850058,0.22011615819213937,0.009548296486361213,0.22966445467850058,0.22011615819213937,0.02823826457241071,0.02765871250892889,1.2941756029300473,0.6571945701357466,0.04740970295364732,5.45769622833843,0.11540429513325438,-0.09099972373367926,0.2889685656973322,0.06430999483502096,0.7726926683952116,0.4108140247198299,🟢 Low,➡️,2026-10-05T00:24Z
MCD,McDonald's,Consumer Discretionary,Restaurants,0000063908,True,2026-06-30,10-Q,2026-03-31,10-Q,0.0068566648733056675,0.007189737791032709,-0.0003330729177270413,0.0068566648733056675,0.007189737791032709,0.028240452393752946,0.028240452393752946,,1.0813837730214038,0.14290720961281708,7.833754740834387,0.31850474242142457,0.005457276368491322,1.2013851802403204,0.20682576769025368,,0.4486815754339119,🟢 Low,➡️,2026-10-05T00:24Z
MCK,McKesson Corporation,Health Care,Health Care Distributors,0000927653,True,2026-06-30,10-Q,2026-03-31,10-K,0.24685627588187664,0.2495627484703021,-0.0027064725884254626,0.24685627588187664,0.2495627484703021,0.03168492600291292,0.03267404106955963,,0.8931292284950821,0.0539114683572965,24.650793650793652,0.042485992648370864,-0.08512396694214876,0.25821351749122606,0.07032718215781728,,1.2689233555983244,🟢 Low,➡️,2026-10-05T00:24Z
MDT,Medtronic,Health Care,Health Care Equipment,0001613103,True,2026-07-31,10-Q,2026-04-24,10-K,0.17700915011260035,0.18179989332940374,-0.004790743216803395,0.17700915011260035,0.18179989332940374,0.02755775636815037,0.02755775636815037,0.8451982799808887,2.0671243325705566,0.05145435448952908,8.99443671766342,,0.1349430904764967,0.35567916318350373,0.06930958352088826,1.1831543244771057,,🟢 Low,➡️,2026-10-05T00:24Z
MRK,Merck & Co.,Health Care,Pharmaceuticals,0000310158,True,2026-06-30,10-Q,2026-03-31,10-Q,0.059630852800004554,0.05661956868240315,0.003011284117601404,0.059630852800004554,0.05661956868240315,0.02761499729470955,0.027768763236990693,,1.3226713786015651,0.1406295742746645,,0.2807832520650351,0.06893576370163788,0.48742700420640667,,,0.5008474445694211,🟢 Low,➡️,2026-10-05T00:24Z
META,Meta Platforms,Communication Services,Interactive Media & Services,0001326801,True,2026-06-30,10-Q,2026-03-31,10-Q,0.025375682966776333,0.016452904499066695,0.008922778467709638,0.025375682966776333,0.016452904499066695,0.028007871395425488,0.02779885859131119,0.7225108241680416,2.225562709519502,0.1343642489487861,186.71748878923768,1.4871719184316041,0.15356168158664402,0.3507965223266275,0.18507587408546614,1.3840623095875169,0.09034883410822392,🟢 Low,➡️,2026-10-05T00:24Z
MET,MetLife,Financials,Life & Health Insurance,0001099219,True,2026-06-30,10-Q,2026-03-31,10-Q,0.6087384573527787,0.6066390883130375,0.0020993690397411724,0.6087384573527787,0.6066390883130375,0.3517714982218669,0.3513677555588515,26.653948471265625,,0.004449729513334703,3.9593548387096775,0.04383529655959732,,0.05975990687041397,0.008081678018151841,0.037517893496269536,0.10151019526661505,🟡 Medium,➡️,2026-10-05T00:24Z
MTD,Mettler Toledo,Health Care,Life Sciences Tools & Services,0001037646,True,2026-06-30,10-Q,2026-03-31,10-Q,0.13128031035531412,0.0010442582020767852,0.13023605215323733,0.13128031035531412,0.0010442582020767852,0.22334666836068484,0.2317885643971658,285.2780940497544,1.1223539172395525,0.2367764259002589,,0.2158735386135353,0.040013141034022856,2.626113610014209,,0.003505351517896756,1.0968293169277439,🟢 Low,🔺,2026-10-05T00:24Z
MGM,MGM Resorts,Consumer Discretionary,Casinos & Gaming,0000789570,True,2026-06-30,10-Q,2026-03-31,10-Q,0.5754362843451013,0.5826840800663063,-0.0072477957212050415,0.5754362843451013,0.5826840800663063,0.40276531445771874,0.3973055684429955,14.508962814889957,1.3349567801614333,0.005166139225020394,2.17639633885373,0.020985634266946784,0.02773027403961712,0.05793844388845845,0.025139826450927952,0.06892291425364609,0.24617503380192182,🟡 Medium,➡️,2026-10-05T00:24Z
MCHP,Microchip Technology,Information Technology,Semiconductors,0000827054,True,2026-06-30,10-Q,2026-03-31,10-K,0.23259417158690904,0.2403528437128866,-0.007758672125977556,0.23259417158690904,0.2403528437128866,0.05796118369049207,0.057779359197500886,,1.920735475896168,0.015964018490497937,2.471507816439738,0.042994672399289655,0.08272137929119758,0.3380901481183281,0.03401724113996974,,0.37130224745616836,🟢 Low,➡️,2026-10-05T00:24Z
MU,Micron Technology,Information Technology,Semiconductors,0000723125,True,2026-05-28,10-Q,2026-02-26,10-Q,0.032832265204145665,0.03509404120938013,-0.0022617760052344657,0.032832265204145665,0.03509404120938013,0.028722814219931714,0.028014871380067613,0.33148008419046104,3.4245176518883413,0.06367066332617513,25.18041237113402,0.2809713401994011,0.3523100095442615,0.705992006680983,0.07284955857790504,3.0167724931112976,0.2266091028394178,🟢 Low,➡️,2026-10-05T00:24Z
MSFT,Microsoft,Information Technology,Systems Software,0000789019,True,2026-06-30,10-K,2026-03-31,10-Q,0.009989483462144223,0.0074286075707358035,0.002560875891408419,0.009989483462144223,0.0074286075707358035,0.0287897571646322,0.028938424309916767,0.7142818392041358,1.2303272619576484,0.17636238488559763,52.891652470187395,2.1405319761859034,0.05127403820796017,0.43285256917413,0.20469661487177865,1.4000075952010989,0.08239184784328618,🟢 Low,➡️,2026-10-05T00:24Z
MAA,Mid-America Apartment Communities,Real Estate,Multi-Family Residential REITs,0000912595,True,2026-03-31,10-Q,2025-12-31,10-K,0.321171220668879,0.31575977733318894,0.005411443335690047,0.321171220668879,0.31575977733318894,0.09892519946257604,0.09892519946257604,1.1345274677753716,,0.037259487721957946,0.703217692178973,0.20230127208678908,,,0.010861309623359102,0.8814242302664045,0.18417821765338818,🟢 Low,➡️,2026-10-05T00:24Z
MRNA,Moderna,Health Care,Biotechnology,0001682852,True,2026-06-30,10-Q,2026-03-31,10-Q,0.9740894166142402,0.9624665015398187,0.01162291507442148,0.9740894166142402,0.9624665015398187,0.7054554171315613,0.700723501931269,0.6212098801952374,2.2947908445146012,-0.2574582611075632,,-0.14649846856668225,0.2993340023720463,0.46510354894626404,-0.2804488641547304,1.6097619047619047,1.757412644831676,🔴 High,➡️,2026-10-05T00:24Z
MDLZ,Mondelez International,Consumer Staples,Packaged Foods & Meats,0001103982,True,2026-03-31,10-Q,2025-12-31,10-K,0.25249780784408754,0.24804691212487226,0.004450895719215281,0.25249780784408754,0.24804691212487226,0.03182180070997783,0.03177617008508283,1.7599223300970874,0.5423173481979491,0.034461910519951636,,0.06360121441731323,-0.15123309243272123,0.5107983465031917,0.04988611118922415,0.5682068935080983,0.5418435926998678,🟢 Low,➡️,2026-10-05T00:24Z
MPWR,Monolithic Power Systems,Information Technology,Semiconductors,0001280452,True,2026-06-30,10-Q,2026-03-31,10-Q,0.003813185307792728,0.0035789536646100377,0.00023423164318269038,0.003813185307792728,0.0035789536646100377,0.03330702083061384,0.03302438925685462,0.2030030620543489,4.975330063823719,0.13261962179647635,,1.8659398859688892,0.4223996080412154,0.6106970946865984,0.15548523571408604,4.926034070029325,0.07107389835745626,🟢 Low,➡️,2026-10-05T00:24Z
MNST,Monster Beverage,Consumer Staples,Soft Drinks & Non-alcoholic Beverages,0000865752,True,2026-06-30,10-Q,2026-03-31,10-Q,0.03266823370406971,0.028118746025621904,0.004549487678447806,0.03266823370406971,0.028118746025621904,0.030414817030060545,0.029526399732201256,,3.729314920459693,,,,0.4118311506883808,0.9232096596370625,0.21255422128989673,,,🟢 Low,➡️,2026-10-05T00:24Z
MCO,Moody's Corporation,Financials,Financial Exchanges & Data,0001059556,True,2026-06-30,10-Q,2026-03-31,10-Q,0.007616915606800171,0.00837830223251549,-0.0007613866257153191,0.007616915606800171,0.00837830223251549,0.11296032117916817,0.11233594081377624,3.804628099173554,1.1904334828101644,0.16756388415672913,,0.5849052115791727,0.04340715502555366,1.2965587734241908,0.22834752981260648,0.262837779129377,0.28648040885860304,🟢 Low,➡️,2026-10-05T00:24Z
MS,Morgan Stanley,Financials,Investment Banking & Brokerage,0000895421,True,2026-06-30,10-Q,2026-03-31,10-Q,0.42358469981204483,0.41949828905501974,0.004086410757025094,0.42358469981204483,0.41949828905501974,0.2658088398514579,0.20572130547373788,13.389756638499428,,0.01006592611475311,,0.49193289569657184,,0.07329541621568698,,0.07468395632559223,0.020461990248690044,🟡 Medium,➡️,2026-10-05T00:24Z
MOS,Mosaic Company (The),Materials,Fertilizers & Agricultural Chemicals,0001285785,True,2026-06-30,10-Q,2026-03-31,10-Q,0.16007021860393236,0.15615910529445134,0.003911113309481018,0.16007021860393236,0.15615910529445134,0.050126759504855185,0.05004335530372234,,1.3366646153846153,0.02194337011529705,3.401656314699793,0.044862434038033916,0.055505728327523166,0.551303331480031,0.03333915026764662,,0.48912571477271344,🟢 Low,➡️,2026-10-05T00:24Z
MSI,Motorola Solutions,Information Technology,Communications Equipment,0000068505,True,2026-07-04,10-Q,2026-04-04,10-Q,0.06007840254563951,0.059531819323033135,0.0005465832226063741,0.06007840254563951,0.059531819323033135,0.027564692107146672,0.027564692107146672,,1.0991217063989962,0.11194262550670409,8.3,0.3376175548589342,0.028739216297682155,0.13652426982642138,0.15528531337698784,,0.3315663652426983,🟢 Low,➡️,2026-10-05T00:24Z
MSCI,MSCI,Financials,Financial Exchanges & Data,0001408198,True,2026-06-30,10-Q,2026-03-31,10-Q,0.00530697132485986,0.005375195401243417,-6.822407638355701e-05,0.00530697132485986,0.005375195401243417,0.201527121079997,0.2081829674370005,-3.083100948131623,0.8944385626206639,0.21460151717983042,9.179216730323175,0.9435970967812822,-0.030254350736278447,1.0489424364123159,0.30585756358768407,-0.32434876989869754,0.22742918340026774,🟢 Low,➡️,2026-10-05T00:24Z
NDAQ,"Nasdaq, Inc.",Financials,Financial Exchanges & Data,0001120193,True,2026-06-30,10-Q,2026-03-31,10-Q,0.12747526682373747,0.1288852709964327,-0.0014100041726952395,0.12747526682373747,0.1288852709964327,0.027398014939135365,0.027398014939135365,1.2802802802802802,1.0062153163152052,0.065396291284152,8.20774647887324,0.41805003507131167,0.0010241029955012618,0.37624812552576714,0.08525657437548005,0.781078967943706,0.15643173256281775,🟢 Low,➡️,2026-10-05T00:24Z
NTAP,NetApp,Information Technology,"Technology Hardware, Storage & Peripherals",0001002047,True,2026-07-31,10-Q,2026-04-24,10-K,0.17144449763311792,0.165050303139207,0.006394194493910932,0.17144449763311792,0.165050303139207,0.12647315607083487,0.1289367651241494,6.327759197324415,1.2416812609457093,0.11647649475125514,26.15625,0.20458553791887124,0.10077590141487905,0.021451392058420813,0.15280693747147422,0.15803382663847781,0.5693290734824281,🟢 Low,➡️,2026-10-05T00:24Z
NFLX,Netflix,Communication Services,Movies & Entertainment,0001065280,True,2026-06-30,10-Q,2026-03-31,10-Q,0.011599671657143958,0.01519791504269961,-0.0035982433855556526,0.011599671657143958,0.01519791504269961,0.02878708250493787,0.028094075448439577,0.9385228242509001,1.1416085244391836,0.1878719956963199,19.042737766244752,0.24303813935832022,0.029399350468544798,0.8719578865110701,0.22799833109899034,1.0655041882419525,0.7730144585222205,🟢 Low,➡️,2026-10-05T00:24Z
NEM,Newmont,Materials,Gold,0001164727,True,2026-06-30,10-Q,2026-03-31,10-Q,0.1058756487672883,0.10711988725517291,-0.0012442384878846025,0.1058756487672883,0.10711988725517291,0.02776642414208759,0.02776642414208759,0.630678432596544,2.546115575966322,0.12291597994483093,,1.0557293994933692,0.1401779982998213,0.09916552453982408,,1.5855940972690872,0.11642754289481445,🟢 Low,➡️,2026-10-05T00:24Z
NWSA,News Corp (Class A),Communication Services,Publishing,0001564708,True,2026-06-30,10-K,2026-03-31,10-Q,0.2803485857748126,0.28480962708560137,-0.0044610413107887825,0.2803485857748126,0.28480962708560137,0.029085515261393313,0.029223741329931607,,1.6233248822890256,0.03686309830159547,,0.06346920691182986,0.11071796191456511,-0.02007205352547607,,,0.580802882141019,🟢 Low,➡️,2026-10-05T00:24Z
NWS,News Corp (Class B),Communication Services,Publishing,0001564708,True,2026-06-30,10-K,2026-03-31,10-Q,0.2803485857748126,0.28480962708560137,-0.0044610413107887825,0.2803485857748126,0.28480962708560137,0.029085515261393313,0.029223741329931607,,1.6233248822890256,0.03686309830159547,,0.06346920691182986,0.11071796191456511,-0.02007205352547607,,,0.580802882141019,🟢 Low,➡️,2026-10-05T00:24Z
NEE,NextEra Energy,Utilities,Multi-Utilities,0000753308,True,2026-03-31,10-Q,2025-12-31,10-K,0.30198161301241677,0.2950726346559778,0.0069089783564389995,0.30198161301241677,0.2950726346559778,0.11400091131953831,0.1045674126358822,2.8030857267031255,0.5418996597974426,0.0308683792181516,,0.4794472502805836,-0.052907543897680466,0.16251174217790304,0.03739432039887275,0.3567497028270195,0.06438326468675483,🟢 Low,➡️,2026-10-05T00:24Z
NKE,"Nike, Inc.",Consumer Discretionary,"Apparel, Accessories & Luxury Goods",0000320187,True,2026-08-31,10-Q,2026-05-31,10-K,0.15876274649724187,0.15819297417495556,0.0005697723222863049,0.15876274649724187,0.15819297417495556,0.02844185730213897,0.02844185730213897,,2.0749408361819617,0.08223527544054612,,,0.32449595173837115,-0.0014817166746044345,,,,🟢 Low,➡️,2026-10-05T00:24Z
NI,NiSource,Utilities,Multi-Utilities,0001111711,True,2026-06-30,10-Q,2026-03-31,10-Q,0.22793964575365971,0.22683273606807286,0.0011069096855868543,0.22793964575365971,0.22683273606807286,0.029389048709415538,0.029357038023710952,,0.4982217691697814,0.024757881503105723,3.7485702614379086,0.19068231239486316,-0.0590007351452711,-0.005225923992371536,0.04888449695820326,,0.1298383745831513,🟢 Low,➡️,2026-10-05T00:24Z
NDSN,Nordson Corporation,Industrials,Industrial Machinery & Supplies & Components,0000072331,True,2026-07-31,10-Q,2026-04-30,10-Q,0.039405704650866485,0.04941208009411281,-0.010006375443246326,0.039405704650866485,0.04941208009411281,0.028848543111004456,0.028671659185082382,,1.8228126818875674,0.08145267589342156,11.96075960003361,0.21487598174099246,0.10077405210561002,0.8182295659659174,0.11965947759889171,,0.3790683129564621,🟢 Low,➡️,2026-10-05T00:24Z
NSC,Norfolk Southern,Industrials,Rail Transportation,0000702165,True,2026-06-30,10-Q,2026-03-31,10-Q,0.1556196446636368,0.16161694009364522,-0.005997295430008404,0.1556196446636368,0.16161694009364522,0.03033014263446604,0.028975406559993703,1.776225927521073,0.8311572700296735,0.06367182305748859,5.397769516728625,0.2722964647900673,-0.012610256637560392,0.30820885599042597,0.09653827401267674,0.5629914441095986,0.23383272018084306,🟢 Low,➡️,2026-10-05T00:24Z
NTRS,Northern Trust,Financials,Asset Management & Custody Banks,0000073124,True,2026-06-30,10-Q,2026-03-31,10-Q,0.4311299284037148,0.43144767019344776,-0.0003177417897329837,0.4311299284037148,0.43144767019344776,0.2649654520137172,0.2557379214209417,12.3787905921681,,0.00968726784355807,,0.2147927384250099,,0.09875502796474234,,0.08078333602578971,0.04510053698551902,🟡 Medium,➡️,2026-10-05T00:24Z
NOC,Northrop Grumman,Industrials,Aerospace & Defense,0001133421,True,2026-06-30,10-Q,2026-03-31,10-Q,0.19369966267462402,0.19719455763295837,-0.0034948949583343547,0.19369966267462402,0.19719455763295837,0.029598503109791393,0.03018271396190775,1.8384589577275776,1.1682278006744098,0.0823828378937415,,0.09968060256471373,0.04422512459862498,0.3514173709197644,0.08886393633158009,0.5439338179385018,0.8264680968421882,🟢 Low,➡️,2026-10-05T00:24Z
NCLH,Norwegian Cruise Line Holdings,Consumer Discretionary,"Hotels, Resorts & Cruise Lines",0001513761,True,2026-06-30,10-Q,2026-03-31,10-Q,0.5678746694326319,0.5728638422889126,-0.004989172856280755,0.5678746694326319,0.5728638422889126,0.269848574455507,0.2834411463872324,8.332670259547136,0.20029619063906587,0.017626649663851513,2.1455230240549827,0.07843444662191275,-0.21051691029085393,-0.2182024936999489,0.06500444991214703,0.12000954902232602,0.2247309750117755,🟡 Medium,➡️,2026-10-05T00:24Z
NRG,NRG Energy,Utilities,Independent Power Producers & Energy Traders,0001013871,True,2026-06-30,10-Q,2026-03-31,10-Q,0.31525101261377175,0.3243294878826138,-0.009078475268842034,0.31525101261377175,0.3243294878826138,0.040629474236464645,0.04401708961060314,,0.9677192982456141,0.021632448673009515,2.7661169415292353,0.028131410152052876,-0.008062093139709564,0.05943915873810716,0.046194291437155734,,0.7689784677015523,🟢 Low,➡️,2026-10-05T00:24Z
NUE,Nucor,Materials,Steel,0000073309,True,2026-07-04,10-Q,2026-04-04,10-Q,0.08620637558095727,0.09394884065659173,-0.007742465075634461,0.08620637558095727,0.09394884065659173,0.029606936736778795,0.029839134810326923,0.6191143878058709,2.507815478459779,0.04719380851869892,,0.06957276854819384,0.21404989987552092,0.8969529685555014,,1.6152104032729397,0.6783373653731667,🟢 Low,➡️,2026-10-05T00:24Z
NVDA,Nvidia,Information Technology,Semiconductors,0001045810,True,2026-07-26,10-Q,2026-04-26,10-Q,0.0005551484718143459,8.414204237539594e-05,0.00047100642943895,0.0005551484718143459,8.414204237539594e-05,0.032083826987291814,0.03183572639757046,0.39866540893686897,4.588949069016016,0.37489071788979367,507.3424124513619,0.5560253406070261,0.4820683668881451,0.6842839836139282,0.40711332867062994,2.508369117518184,0.6742331518209522,🟢 Low,➡️,2026-10-05T00:24Z
NVR,"NVR, Inc.",Consumer Discretionary,Homebuilding,0000906163,True,2026-06-30,10-Q,2026-03-31,10-Q,0.0009594267153400514,0.0011333720728444478,-0.00017394535750439642,0.0009594267153400514,0.0011333720728444478,0.03756613119600938,0.03756613119600938,0.6131830775926841,,0.24491118008562102,,0.1297773460743112,,3.0748957156592853,,1.630834307962205,1.8871643433468235,🟢 Low,➡️,2026-10-05T00:24Z
NXPI,NXP Semiconductors,Information Technology,Semiconductors,0001413447,True,2026-03-29,10-Q,2025-12-31,10-K,0.24727957098546985,0.2517494366307173,-0.004469865645247456,0.24727957098546985,0.2517494366307173,0.02805403079961792,0.029079927937815206,1.4495286903999267,2.240791643760308,0.07453988861431786,6.53862660944206,,0.1664884003983329,-0.018293807398664846,0.11238151440268505,0.6898794115790138,,🟢 Low,➡️,2026-10-05T00:24Z
ORLY,O'Reilly Automotive,Consumer Discretionary,Automotive Retail,0000898173,True,2026-06-30,10-Q,2026-03-31,10-Q,0.07590708553872905,0.06673399606039683,0.009173089478332216,0.07590708553872905,0.06673399606039683,0.039216607174475115,0.03771439799173639,,0.7519453926055342,0.14596538432430953,,,-0.13658210112578464,-0.19646852663470646,0.19901023145742427,,,🟢 Low,➡️,2026-10-05T00:24Z
OXY,Occidental Petroleum,Energy,Oil & Gas Exploration & Production,0000797468,True,2026-06-30,10-Q,2026-03-31,10-Q,0.13105209302782708,0.13275919103099917,-0.0017070980031720917,0.13105209302782708,0.13275919103099917,0.028783009184269404,0.028350660349666473,,1.410542321338064,0.058438487767241594,,0.21747788635205853,0.04031956992458747,0.34035192513502077,,,0.2687100226486473,🟢 Low,➡️,2026-10-05T00:24Z
ODFL,Old Dominion,Industrials,Cargo Ground Transportation,0000878927,True,2026-06-30,10-Q,2026-03-31,10-Q,0.0028772914395422586,0.003191383655493869,-0.0003140922159516105,0.0028772914395422586,0.003191383655493869,0.030491973725240262,0.030051222453355512,0.26128810789224144,1.8894070356298023,0.17848474445477577,,,0.08240123259944476,0.7478126224278492,0.23730102287133112,3.8271929329918555,,🟢 Low,➡️,2026-10-05T00:24Z
OMC,Omnicom Group,Communication Services,Advertising,0000029989,True,2026-03-31,10-Q,2025-12-31,10-K,0.30810619407966927,0.3114919479478364,-0.0033857538681671406,0.30810619407966927,0.3114919479478364,0.23407929182960338,0.23383097460354743,,0.9122682079469313,-0.0010907700836790774,1.68830675778284,-0.003155414285631575,-0.04462750701995609,0.2193408546433782,0.008900283600221756,,0.34568205152837905,🟢 Low,➡️,2026-10-05T00:24Z
ON,ON Semiconductor,Information Technology,Semiconductors,0001097864,True,2026-07-03,10-Q,2026-04-03,10-Q,0.20720208835434448,0.2291990523278022,-0.02199696397345771,0.20720208835434448,0.2291990523278022,0.09704627913751518,0.0875743574397051,0.8653358637981908,3.464389362005804,0.008972866348784955,1.125668449197861,0.08366175758832883,0.3841202512402578,0.6255274339826921,0.006243928484030522,1.155620657637755,0.10725170744006347,🟢 Low,🔻,2026-10-05T00:24Z
OKE,Oneok,Energy,Oil & Gas Storage & Transportation,0001039684,True,2026-06-30,10-Q,2026-03-31,10-Q,0.17144218395238686,0.17189985750352416,-0.00045767355113729424,0.17144218395238686,0.17189985750352416,0.02838866160770935,0.02838866160770935,,0.7370905052748473,0.04949743978759719,6.62933025404157,0.1515619050648031,-0.0276298706035099,0.040248581306802436,0.08375030999722825,,0.32658232796977343,🟢 Low,➡️,2026-10-05T00:24Z
ORCL,Oracle Corporation,Information Technology,Application Software,0001341439,True,2026-08-31,10-Q,2026-05-31,10-K,0.18312124924833867,0.16758600407280894,0.015535245175529733,0.18312124924833867,0.16758600407280894,0.027788441461228622,0.02824373445801152,,1.1708128130656228,0.05634457674792834,4.480539247662535,0.2536781626260077,0.026762602264071306,-0.003673427664141872,0.06794851925252013,,0.22211047322585645,🟢 Low,➡️,2026-10-05T00:24Z
OTIS,Otis Worldwide,Industrials,Industrial Machinery & Supplies & Components,0001781335,True,2026-06-30,10-Q,2026-03-31,10-Q,0.18262029076581254,0.16915526274598391,0.013465028019828629,0.18262029076581254,0.16915526274598391,0.22239814060708285,0.22398417560818432,-2.8897007654836466,0.8314893617021276,0.12405880243814987,,,-0.12423807816421656,-0.010487629974901398,0.19119756185012549,-0.34605659241420833,,🟢 Low,➡️,2026-10-05T00:24Z
PCAR,Paccar,Industrials,Construction Machinery & Heavy Transportation Equipment,0000075362,True,2026-06-30,10-Q,2026-03-31,10-Q,0.13804776556067805,0.13968018004257615,-0.0016324144818981035,0.13804776556067805,0.13968018004257615,0.027336414402387765,0.027336414402387765,,,0.05401988626674337,,0.08352317471031612,,0.44781844516042485,,,0.6467652415524294,🟢 Low,➡️,2026-10-05T00:24Z
PKG,Packaging Corporation of America,Materials,Paper & Plastic Packaging Products & Materials,0000075677,True,2026-06-30,10-Q,2026-03-31,10-Q,0.12132318050646246,0.12263567948372832,-0.0013124989772658607,0.12132318050646246,0.12263567948372832,0.027673765301837485,0.027673765301837485,,2.941489818712948,0.07027370523353456,,,0.20513821433434706,0.3597385502246834,0.10049475738731788,,,🟢 Low,➡️,2026-10-05T00:24Z
PLTR,Palantir Technologies,Information Technology,Application Software,0001321655,True,2026-06-30,10-Q,2026-03-31,10-Q,0.023601737679608686,0.02404878409731369,-0.0004470464177050021,0.023601737679608686,0.02404878409731369,0.03634620334216096,0.047946523639209905,0.18351180670242478,7.228212495327504,0.13914664508410451,407.4971181556196,,0.8189303924694851,-0.139569642295063,0.12107781401891533,5.449240667231614,,🟢 Low,➡️,2026-10-05T00:24Z
PANW,Palo Alto Networks,Information Technology,Systems Software,0001327567,True,2026-07-31,10-K,2026-04-30,10-Q,0.3222262965397414,0.29560610659843967,0.02662018994130172,0.3222262965397414,0.29560610659843967,0.07003744320489141,0.07450610006142468,0.7626946020660555,0.8710067519903255,0.006335121749896822,83.73493975903614,0.13505785051251595,-0.026413536937680563,0.057593891869583164,0.014341725134131242,1.3111407859595574,0.04690672719768882,🟢 Low,🔺,2026-10-05T00:24Z
PSKY,Paramount Skydance Corporation,Communication Services,Movies & Entertainment,0002041610,True,2026-06-30,10-Q,2026-03-31,10-Q,0.4380902326761919,0.43735558945341324,0.0007346432227786637,0.4380902326761919,0.43735558945341324,0.2320147303033541,0.22993580772257408,,1.039622641509434,-0.01319492918421112,,,0.009457116480151314,-0.03476616153655626,-0.0021391096800342257,,,🟡 Medium,➡️,2026-10-05T00:24Z
PH,Parker Hannifin,Industrials,Industrial Machinery & Supplies & Components,0000076334,True,2026-06-30,10-K,2026-03-31,10-Q,0.037834856940217036,0.040584142207552916,-0.0027492852673358797,0.037834856940217036,0.040584142207552916,0.02799901561879999,0.02761499729470955,1.0038950921838483,1.2623031496062993,0.09211435696473103,8.830899085893911,0.19886288950827247,0.05178611911778994,0.7930498429251547,0.16413511675357062,0.9961200206932229,0.4632053632153383,🟢 Low,➡️,2026-10-05T00:24Z
PAYX,Paychex,Industrials,Human Resource & Employment Services,0000723531,True,2026-08-31,10-Q,2026-05-31,10-K,0.12009146832115872,0.12712566581470913,-0.007034197493550415,0.12009146832115872,0.12712566581470913,0.0881800417141629,0.09676232043022659,3.2263392254756442,1.2765930599369084,0.11238961221401342,67.30563002680965,0.27028562653562654,0.1119745605241145,0.11419668341772718,0.16030573346019017,0.30994880888650966,0.4158179391725785,🟢 Low,➡️,2026-10-05T00:24Z
PYPL,PayPal,Financials,Transaction & Payment Processing Services,0001633917,True,2026-03-31,10-Q,2025-12-31,10-K,0.17030195844364807,0.16969579077173763,0.0006061676719104347,0.17030195844364807,0.16969579077173763,0.08555947659855023,0.0836794954245718,3.0224730323611664,1.2594201985851334,0.064969085988131,17.478386167146976,0.15775352707102375,0.1534278548903732,0.4153278871700643,0.07529858714275073,0.3308548957403919,0.411839197477218,🟢 Low,➡️,2026-10-05T00:24Z
PNR,Pentair,Industrials,Industrial Machinery & Supplies & Components,0000077360,True,2026-03-31,10-Q,2025-12-31,10-K,0.04802727666383318,0.04497747976758355,0.0030497968962496236,0.04802727666383318,0.04497747976758355,0.027558194489859893,0.027558194489859893,,1.8765300691857372,0.09244909502262444,28.488372093023255,0.8657309322033898,0.11644513574660634,0.41733597285067875,0.12125282805429864,,0.10678733031674208,🟢 Low,➡️,2026-10-05T00:24Z
PEP,PepsiCo,Consumer Staples,Soft Drinks & Non-alcoholic Beverages,0000077476,True,2026-06-13,10-Q,2026-03-21,10-Q,0.15400459201323255,0.15400869479070398,-4.1027774714264e-06,0.15400459201323255,0.15400869479070398,0.13253317101888992,0.13402701913304796,4.069101276133587,0.9336010938301145,0.07344748593890667,10.256913470115968,0.08772957146659568,-0.02077743807325139,0.660635178136894,0.10248776618028506,0.24575451239448837,0.8372032908752195,🟢 Low,➡️,2026-10-05T00:24Z
PFE,Pfizer,Health Care,Pharmaceuticals,0000078003,True,2026-06-28,10-Q,2026-03-29,10-Q,0.17053196594306305,0.16638354116553847,0.004148424777524584,0.17053196594306305,0.16638354116553847,0.0282272933235589,0.0282272933235589,1.3574245803498064,1.2668627090608344,0.03863651053293624,,0.12417903769635182,0.0433150533731747,0.5572835614599441,,0.7366891792561333,0.31113552858584703,🟢 Low,➡️,2026-10-05T00:24Z
PCG,PG&E Corporation,Utilities,Multi-Utilities,0001004980,True,2026-06-30,10-Q,2026-03-31,10-Q,0.30412261492105225,0.30411342722484147,9.187696210777307e-06,0.30412261492105225,0.30411342722484147,0.10574259011589472,0.10528075101479772,,1.2160732612299676,0.008409385425570046,1.6663157894736842,0.048927210747944656,0.01886597369654526,0.0049560230499875926,0.03273456670986242,,0.1718754308086796,🟢 Low,➡️,2026-10-05T00:24Z
PM,Philip Morris International,Consumer Staples,Tobacco,0001413329,True,2026-06-30,10-Q,2026-03-31,10-Q,0.03680158576394335,0.038936932368579355,-0.0021353466046360042,0.03680158576394335,0.038936932368579355,0.22881815906961958,0.22881815906961958,-8.729814750087382,0.9798055911385728,0.16621991768100658,9.758846657929226,,-0.007851064141436334,0.5281158910811325,0.21813068506393637,-0.11454996796925047,,🟢 Low,➡️,2026-10-05T00:24Z
PSX,Phillips 66,Energy,Oil & Gas Refining & Marketing,0001534701,True,2026-06-30,10-Q,2026-03-31,10-Q,0.19481244728168223,0.22178009608611784,-0.026967648804435612,0.19481244728168223,0.22178009608611784,0.029036200810228837,0.029851176666263888,1.5586554941915824,1.3196578402528059,0.05381982642708715,,,0.07171494927270505,0.44334433443344334,,0.6415785936831816,,🟢 Low,🔻,2026-10-05T00:24Z
PNW,Pinnacle West Capital,Utilities,Multi-Utilities,0000764622,True,2026-06-30,10-Q,2026-03-31,10-Q,0.24218836712900824,0.2355331245633756,0.00665524256563263,0.24218836712900824,0.2355331245633756,0.09612339695626919,0.0873297895241571,,0.5940682628780745,0.010745444759371326,3.2223238350491816,0.06555374508959746,-0.042011673679923985,0.11792871839084376,0.03277263496798373,,0.16391809109738398,🟢 Low,➡️,2026-10-05T00:24Z
PNC,PNC Financial Services,Financials,Diversified Banks,0000713676,True,2026-06-30,10-Q,2026-03-31,10-Q,0.3823705306214503,0.38166984852991964,0.00070068209153068,0.3823705306214503,0.38166984852991964,0.19006473842951654,0.19006473842951654,8.623500187476566,,,,,,0.1063545193934101,,0.11596219380295775,0.03749630702201502,🟢 Low,➡️,2026-10-05T00:24Z
PPG,PPG Industries,Materials,Specialty Chemicals,0000079879,True,2026-03-31,10-Q,2025-12-31,10-K,0.0507642650548916,0.05178148965204901,-0.001017224597157411,0.0507642650548916,0.05178148965204901,0.029153947441337483,0.029153947441337483,1.7147087857847976,1.6091257823541287,0.07115124153498871,10.82995951417004,0.14241821796493764,0.1362076749435666,1.045823927765237,0.12076749435665914,0.5831894070236039,0.4995936794582393,🟢 Low,➡️,2026-10-05T00:24Z
PPL,PPL Corporation,Utilities,Electric Utilities,0000922224,True,2026-03-31,10-Q,2025-12-31,10-K,0.2287413149278075,0.2242838231193784,0.004457491808429109,0.2287413149278075,0.2242838231193784,0.03484049003350414,0.039576695032540174,,1.0032505224053865,0.02550535590877678,2.63490099009901,0.13061269630612696,0.00030234968901174847,0.07435642709053214,0.04597874913614375,,0.19527470628887353,🟢 Low,➡️,2026-10-05T00:24Z
PFG,Principal Financial Group,Financials,Life & Health Insurance,0001126328,True,2026-03-31,10-Q,2025-12-31,10-K,0.5265537541260881,0.529465390825501,-0.002911636699412967,0.5265537541260881,0.529465390825501,0.4629566565146311,0.47357092939086565,27.109908339187324,,0.0035620197502588633,,0.07584397299286423,,0.05506057176864154,,0.036886882371140364,0.04696509966050955,🟡 Medium,➡️,2026-10-05T00:24Z
PG,Procter & Gamble,Consumer Staples,Personal Care Products,0000080424,True,2026-06-30,10-K,2026-03-31,10-Q,0.016844199044924048,0.017535166826608082,-0.0006909677816840341,0.016844199044924048,0.017535166826608082,0.028898831608959865,0.029110417385289206,,0.6773143122964801,0.12682479588368728,26.12169312169312,0.18436896773600514,-0.09868717446115664,1.073750602666751,0.15608476063262225,,0.6878858055184515,🟢 Low,➡️,2026-10-05T00:24Z
PGR,Progressive Corporation,Financials,Property & Casualty Insurance,0000080661,True,2026-06-30,10-Q,2026-03-31,10-Q,0.254036444653394,0.26072868363216034,-0.006692238978766363,0.254036444653394,0.26072868363216034,0.072519275096606,0.0828980427710712,2.638627559490869,,0.09051831098659195,,0.12898221760901551,,0.2582429457674605,,0.37898489932885904,0.7017890734440665,🟢 Low,➡️,2026-10-05T00:24Z
PLD,Prologis,Real Estate,Industrial REITs,0001045609,True,2026-03-31,10-Q,2025-12-31,10-K,0.24600603033569785,0.250105573006291,-0.004099542670593148,0.24600603033569785,0.250105573006291,0.03153326373451919,0.032213181863925563,0.7510729831922274,,0.033915356752306614,4.347673054360579,0.37863286844433536,,-0.009385464289847505,0.04440752827494062,1.331428532750276,0.08957319762452866,🟢 Low,➡️,2026-10-05T00:24Z
PRU,Prudential Financial,Financials,Life & Health Insurance,0001137774,True,2026-06-30,10-Q,2026-03-31,10-Q,0.5220893763054377,0.5187870483123649,0.00330232799307284,0.5220893763054377,0.5187870483123649,0.3529627451341007,0.350736058731035,23.718750989644363,,0.00456382074496461,,0.05884095172277619,,0.045209392077636,,0.04216073605379142,0.0775619804123264,🟡 Medium,➡️,2026-10-05T00:24Z
PEG,Public Service Enterprise Group,Utilities,Electric Utilities,0000788784,True,2026-06-30,10-Q,2026-03-31,10-Q,0.1650185711591096,0.16535663649829174,-0.0003380653391821531,0.1650185711591096,0.16535663649829174,0.03606491196119268,0.03157405972324959,,0.8769497400346621,0.035893424923061225,2.9651741293532337,0.17348783694937542,-0.010864944825123696,0.23554316222603847,0.050669069763487666,,0.2068930338530597,🟢 Low,➡️,2026-10-05T00:24Z
PTC,PTC Inc.,Information Technology,Application Software,0000857005,True,2026-06-30,10-Q,2026-03-31,10-Q,0.05484730760660505,0.04834644188083709,0.006500865725767961,0.05484730760660505,0.04834644188083709,0.027336414402387765,0.027710723497350386,0.8772505629379467,1.025227391789458,0.11268723774970343,12.75509939105935,,0.005182559444679936,0.4543782932173827,0.15082112332440378,1.1399251733175988,,🟢 Low,➡️,2026-10-05T00:24Z
PSA,Public Storage,Real Estate,Self-Storage REITs,0001393311,True,2026-06-30,10-Q,2026-03-31,10-Q,0.2180854534916636,0.21211674782524756,0.005968705666416052,0.2180854534916636,0.21211674782524756,0.029685653239804936,0.02917524256934138,1.1786278546464308,,0.08869528632750451,4.673777894546708,0.36988105378128583,,-0.06690465903412969,0.07074067792532478,0.8484442278007962,0.23979407817938922,🟢 Low,➡️,2026-10-05T00:24Z
PHM,PulteGroup,Consumer Discretionary,Homebuilding,0000822416,True,2026-06-30,10-Q,2026-03-31,10-Q,0.05741672286113774,0.057479990129282676,-6.32672681449356e-05,0.05741672286113774,0.057479990129282676,0.02761859471516115,0.02761859471516115,0.4033784777017444,,0.1214864434964538,,0.695011814132666,,,,2.4790613661331578,0.1747976667821996,🟢 Low,➡️,2026-10-05T00:24Z
PWR,Quanta Services,Industrials,Construction & Engineering,0001050915,True,2026-06-30,10-Q,2026-03-31,10-Q,0.2835134494425533,0.26266114407525704,0.020852305367296264,0.2835134494425533,0.26266114407525704,0.030642862006023577,0.02962658738655354,1.924671989103068,1.0982822823668232,0.036348951746476545,8.621706355363191,,0.03751250361411885,0.2584631529537513,0.05696024504609459,0.5195690515899377,,🟢 Low,🔺,2026-10-05T00:24Z
QCOM,Qualcomm,Information Technology,Semiconductors,0000804328,True,2026-06-28,10-Q,2026-03-29,10-Q,0.03751827554605929,0.03979679450025759,-0.002278518954198297,0.03751827554605929,0.03979679450025759,0.027336414402387765,0.027336414402387765,,2.015596249890476,0.0965886310945317,18.606927710843372,0.1251241983560654,0.20204995903568254,0.4752383774643959,0.21536772011783778,,0.771942057280318,🟢 Low,➡️,2026-10-05T00:24Z
DGX,Quest Diagnostics,Health Care,Health Care Services,0001022079,True,2026-06-30,10-Q,2026-03-31,10-Q,0.08041749169470358,0.07467591837583529,0.005741573318868293,0.08041749169470358,0.07467591837583529,0.027486289845615144,0.027336414402387765,,1.5906040268456376,0.058563079284491414,9.54601226993865,,0.062341342464136015,0.612432847275518,0.09185902355510951,,,🟢 Low,➡️,2026-10-05T00:24Z
Q,Qnity Electronics,Information Technology,Semiconductor Materials & Equipment,0002058873,True,2026-06-30,10-Q,2026-03-31,10-Q,0.35733196767431286,0.3660256663553682,-0.00869369868105535,0.35733196767431286,0.3660256663553682,0.029115725547728608,0.0288770881369402,0.9344442914199146,2.0083217753120666,,,,0.10145837694508408,0.0181424883120508,,1.0701547531319087,,🟢 Low,➡️,2026-10-05T00:24Z
RL,Ralph Lauren Corporation,Consumer Discretionary,"Apparel, Accessories & Luxury Goods",0001037038,True,2026-06-27,10-Q,2026-03-28,10-K,0.0332173414295311,0.03546872953683443,-0.002251388107303326,0.0332173414295311,0.03546872953683443,0.03013107243988031,0.029910284544871397,1.8140799529688418,2.0445190872254213,0.12287825769049981,21.756457564575644,0.11597757101484996,0.25579725283334204,1.111557946414582,0.15396667885308404,0.5512436198655108,1.0595001827962605,🟢 Low,➡️,2026-10-05T00:24Z
RJF,Raymond James Financial,Financials,Investment Banking & Brokerage,0000720005,True,2026-06-30,10-Q,2026-03-31,10-Q,0.3754911442421724,0.3748742573634724,0.0006168868786999848,0.3754911442421724,0.3748742573634724,0.12247760110637879,0.11942005472843777,6.414205842979762,,0.02265564481042478,,0.134175465057818,,0.1589290830565489,,0.15590394578535124,0.1688508759828942,🟢 Low,➡️,2026-10-05T00:24Z
RDDT,Reddit,Communication Services,Interactive Media & Services,0001713445,True,2026-06-30,10-Q,2026-03-31,10-Q,0.005457008536616685,0.006181297086914808,-0.0007242885502981231,0.005457008536616685,0.006181297086914808,0.03244628232260285,0.037847212883511956,0.1067976382506011,10.486085821127524,0.1456636065781134,,,0.8810184224022131,-0.05892528883395365,0.12153753294625069,9.363502942391815,,🟢 Low,➡️,2026-10-05T00:24Z
RTX,RTX Corporation,Industrials,Aerospace & Defense,0000101829,True,2026-06-30,10-Q,2026-03-31,10-Q,0.25852752350838676,0.2522089551103291,0.006318568398057667,0.25852752350838676,0.2522089551103291,0.028326335534914673,0.02812217089289046,1.5943474396251713,1.01054628824413,0.03869588209596947,4.994629430719656,0.08338081200921499,0.0038339502908514016,0.3335019428413768,0.05345687811831789,0.6272158596968667,0.4640861747867473,🟢 Low,➡️,2026-10-05T00:24Z
O,Realty Income,Real Estate,Retail REITs,0000726728,True,2026-06-30,10-Q,2026-03-31,10-Q,0.25537572201427294,0.25186798823933104,0.0035077337749419013,0.25537572201427294,0.25186798823933104,0.03249866865400198,0.03257750078251826,0.8725103545407601,,0.013848372235098813,,0.18412255797454227,,,,1.1461182034067015,0.07521279514818363,🟢 Low,➡️,2026-10-05T00:24Z
REG,Regency Centers,Real Estate,Retail REITs,0000910606,True,2026-03-31,10-Q,2025-12-31,10-K,0.17844260074816934,0.17674833725760292,0.0016942634905664222,0.17844260074816934,0.17674833725760292,0.02776642414208759,0.02776642414208759,0.8532885235175367,,0.04042928347591581,7.28329519154095,0.3395248480229465,,,0.08611063333232157,1.1719365401490112,0.11907606677783839,🟢 Low,➡️,2026-10-05T00:24Z
REGN,Regeneron Pharmaceuticals,Health Care,Biotechnology,0000872589,True,2026-06-30,10-Q,2026-03-31,10-Q,0.01245247684485096,0.011862344884143082,0.0005901319607078785,0.01245247684485096,0.011862344884143082,0.02927318758728217,0.030183704802477857,0.31594946927603323,3.33526199689003,0.10795195851485481,49.012328767123286,0.7671535858542253,0.3094947113149583,0.9015302919200778,0.08573804354598305,3.165063078888534,0.1407175310204023,🟢 Low,➡️,2026-10-05T00:24Z
RF,Regions Financial Corporation,Financials,Regional Banks,0001281761,True,2026-06-30,10-Q,2026-03-31,10-Q,0.5696195298762762,0.5702236958956518,-0.0006041660193756293,0.5696195298762762,0.5702236958956518,0.43076072360359136,0.43095746427198905,7.557749469214437,,0.013366480883328476,0.033608116677235254,,,0.06720438440411906,0.00032858232227106184,0.13231452088659157,,🟡 Medium,➡️,2026-10-05T00:24Z
RSG,Republic Services,Industrials,Environmental & Facilities Services,0001060391,True,2026-06-30,10-Q,2026-03-31,10-Q,0.11033000062065818,0.11000436393016091,0.00032563669049726074,0.11033000062065818,0.11000436393016091,0.02787131933927427,0.028004327632428428,,0.6439698492462311,0.06084498990301203,6.4974419519874065,0.11243228044358018,-0.040302625216871925,0.3375238203589408,0.0939162092209676,,0.5411701129156119,🟢 Low,➡️,2026-10-05T00:24Z
RMD,ResMed|,Health Care,Health Care Equipment,0000943819,True,2026-06-30,10-K,2026-03-31,10-Q,0.005133506136660429,0.0048168969535619,0.0003166091830985292,0.005133506136660429,0.0048168969535619,0.028932883111125768,0.028876150648332637,0.36149049874472183,3.0999268874855748,0.1698975568679281,78.64917253741298,0.5151458583374506,0.32675053954126443,0.809185975830782,0.21043113111270975,2.766324435835815,0.3298047613470965,🟢 Low,➡️,2026-10-05T00:24Z
RVTY,Revvity,Health Care,Health Care Equipment,0000031791,True,2026-07-05,10-Q,2026-04-05,10-Q,0.17765159279890785,0.17734839646726364,0.00030319633164421766,0.17765159279890785,0.17734839646726364,0.049045268390144635,0.04737038095393189,0.6663767136761253,1.8002181207922234,0.020023603180983566,7.174022368844544,0.07283030307788281,0.08478981197980978,0.5089915733522478,0.029606501301611826,1.5006526780976674,0.2749350522346564,🟢 Low,➡️,2026-10-05T00:24Z
HOOD,Robinhood Markets,Financials,Investment Banking & Brokerage,0001783879,True,2026-06-30,10-Q,2026-03-31,10-Q,0.17449633061212128,0.171431253946235,0.0030650766658862627,0.17449633061212128,0.171431253946235,0.029432856836231213,0.028641316276819515,,1.223348887293611,0.03329796640141468,,0.4209702660406886,0.17605658709106986,-0.021945181255526084,,,0.07909814323607427,🟢 Low,➡️,2026-10-05T00:24Z
ROK,Rockwell Automation,Industrials,Electrical Components & Equipment,0001024478,True,2026-06-30,10-Q,2026-03-31,10-Q,0.05307753817872876,0.05524050737137417,-0.0021629691926454073,0.05307753817872876,0.05524050737137417,0.027336414402387765,0.027336414402387765,,1.0751633986928104,0.07835181678838699,12.586844050258684,0.13036303630363036,0.024885041925885854,0.5289874673158417,0.15354792173834642,,0.6010278604273736,🟢 Low,➡️,2026-10-05T00:24Z
ROL,"Rollins, Inc.",Industrials,Environmental & Facilities Services,0000084839,True,2026-06-30,10-Q,2026-03-31,10-Q,0.051633432524742444,0.04309366157086332,0.008539770953879124,0.051633432524742444,0.04309366157086332,0.028296895473686422,0.028504052212774533,1.3467676555001165,0.6293576064837368,0.15699424012170737,,0.24370725793764633,-0.10363846420732223,0.23695353586898332,0.21641809729675593,0.7425185746895995,0.6441918942023266,🟢 Low,➡️,2026-10-05T00:24Z
ROP,Roper Technologies,Information Technology,Electronic Equipment & Instruments,0000882835,True,2026-06-30,10-Q,2026-03-31,10-Q,0.13184536731768404,0.13032677529308864,0.0015185920245953943,0.13184536731768404,0.13032677529308864,0.027934758395203343,0.027934758395203343,0.8806917536082309,0.5528021898861836,0.043682736461991216,13.572556162720097,,-0.04412914599297687,0.5316424743030183,0.06356075576849259,1.1354710611322953,,🟢 Low,➡️,2026-10-05T00:24Z
ROST,Ross Stores,Consumer Discretionary,Apparel Retail,0000745732,True,2026-08-01,10-Q,2026-05-02,10-Q,0.034554140948733394,0.033528994208312894,0.0010251467404205003,0.034554140948733394,0.033528994208312894,0.027673765301837485,0.027673765301837485,,1.6121786382584682,0.13421389188526292,,,0.18713362549023044,0.3326412126430021,0.16939742014280815,,,🟢 Low,➡️,2026-10-05T00:24Z
RCL,Royal Caribbean Group,Consumer Discretionary,"Hotels, Resorts & Cruise Lines",0000884887,True,2026-06-30,10-Q,2026-03-31,10-Q,0.11700174147552368,0.10860548711155983,0.008396254363963851,0.11700174147552368,0.10860548711155983,0.10081768674996944,0.0939399910919182,3.339488081281751,0.20875160875160875,0.0956007526207329,3.5021398002853066,1.8299524804045446,-0.20656751187169609,0.16098467879222292,0.10998118448167726,0.2994470935845303,0.05224220499955201,🟢 Low,➡️,2026-10-05T00:24Z
SPGI,S&P Global,Financials,Financial Exchanges & Data,0000064040,True,2026-03-31,10-Q,2025-12-31,10-K,0.06844783521252715,0.07231994083252567,-0.0038721056199985254,0.06844783521252715,0.07231994083252567,0.02814010385671606,0.02892613529528443,0.7887274243736567,0.6770219603642207,0.07354586129753915,19.395209580838323,0.7374237176315356,-0.04959534149230162,0.4080142123963679,0.10656007369390709,1.2678651319803147,0.09973351756810106,🟢 Low,➡️,2026-10-05T00:24Z
CRM,Salesforce,Information Technology,Application Software,0001108524,True,2026-07-31,10-Q,2026-04-30,10-Q,0.1566802332785086,0.16487610601121055,-0.008195872732701948,0.1566802332785086,0.16487610601121055,0.030114047232382674,0.034000311574685284,1.8563239355880974,0.8385100243013366,0.06802590768108009,54.0974025974026,0.8885860602212778,-0.038797664659733624,0.24728151797117315,0.07599890530925013,0.5386990820021897,0.0765552271483306,🟢 Low,➡️,2026-10-05T00:24Z
SNDK,Sandisk,Information Technology,"Technology Hardware, Storage & Peripherals",0002023554,True,2026-07-03,10-K,2026-04-03,10-Q,7.065387856600447e-05,5.774704682197561e-06,6.48791738838069e-05,7.065387856600447e-05,5.774704682197561e-06,0.03193771770772024,0.03467787628393844,0.4302872394509405,2.2899122021143166,0.5079752965743991,,,0.31985604478606655,0.4287110676678367,0.5504509708090817,2.324028946979767,,🟢 Low,➡️,2026-10-05T00:24Z
SBAC,SBA Communications,Real Estate,Telecom Tower REITs,0001034054,True,2026-06-30,10-Q,2026-03-31,10-Q,0.29231164640594687,0.2685782892031549,0.02373335720279196,0.29231164640594687,0.2685782892031549,0.06345798242236371,0.06345798242236371,,0.17173921314749074,0.08972945721118143,6.842535453855208,0.37427352610297393,-0.30589125487978525,-0.6076809352836577,0.11435440355909224,,0.23974299797654977,🟢 Low,🔺,2026-10-05T00:24Z
SLB,Schlumberger,Energy,Oil & Gas Equipment & Services,0000087347,True,2026-06-30,10-Q,2026-03-31,10-Q,0.13658072125846754,0.13212548025678802,0.004455241001679516,0.13658072125846754,0.13212548025678802,0.02755775636815037,0.02755775636815037,1.084528649229117,1.4392151286790844,0.06075776129078729,11.689964157706093,0.11084099868593955,0.11125117049629042,0.33692285529064325,0.11746380465317295,0.9220595515948794,0.5481524166246489,🟢 Low,➡️,2026-10-05T00:24Z
STX,Seagate Technology,Information Technology,"Technology Hardware, Storage & Peripherals",0001137789,True,2026-07-03,10-K,2026-04-03,10-Q,0.016557229131147017,0.014570124464656603,0.001987104666490413,0.016557229131147017,0.014570124464656603,0.17520638989371015,0.21716962118348884,3.601753576372866,1.669651423089223,0.3192940232651424,12.331325301204819,0.4312026002166847,0.20998796630565583,-0.5927597272362616,0.41054953870838345,0.27764253683536194,0.7404733253108704,🟢 Low,➡️,2026-10-05T00:24Z
SRE,Sempra,Utilities,Multi-Utilities,0001032208,True,2026-03-31,10-Q,2025-12-31,10-K,0.201996915531758,0.20073362430246725,0.0012632912292907528,0.201996915531758,0.20073362430246725,0.03344292995608412,0.03327511796092216,,1.6886515229255097,0.016182455645800665,,0.13406801926726025,0.1300586691097447,0.15591359960534892,,,0.12070332458288553,🟢 Low,➡️,2026-10-05T00:24Z
NOW,ServiceNow,Information Technology,Systems Software,0001373715,True,2026-06-30,10-Q,2026-03-31,10-Q,0.2041808301037775,0.1328620469326765,0.07131878317110099,0.2041808301037775,0.1328620469326765,0.031249101065769645,0.029267553024638487,1.5300415468200703,0.7005677610466552,0.055201162129729045,67.55555555555556,0.9042816806395775,-0.11491820880439588,0.1897618897239942,0.05760121265710857,0.6535770234986945,0.06104421145708331,🟢 Low,🔺,2026-10-05T00:24Z
SHW,Sherwin-Williams,Materials,Specialty Chemicals,0000089800,True,2026-06-30,10-Q,2026-03-31,10-Q,0.10353372692585194,0.09921449502648068,0.004319231899371265,0.10353372692585194,0.09921449502648068,0.02798292520883976,0.029151401224483217,,0.7270385374467643,0.09530117173875939,9.96814371257485,0.14348520736503398,-0.09750142849722092,0.07469370793353963,0.1544149840082519,,0.6641881312288045,🟢 Low,➡️,2026-10-05T00:24Z
SPG,Simon Property Group,Real Estate,Retail REITs,0001063761,True,2026-06-30,10-Q,2026-03-31,10-Q,0.4476227460466766,0.44022456995917963,0.007398176087496988,0.4476227460466766,0.44022456995917963,0.1801535166836303,0.16852580390145822,7.636346928208811,,,3.257367657090687,,,-0.12914335913436426,0.07996612176110231,0.13095266747323658,0.16027757853796643,🟡 Medium,➡️,2026-10-05T00:24Z
SWKS,Skyworks Solutions,Information Technology,Semiconductors,0000004127,True,2026-07-03,10-Q,2026-04-03,10-Q,0.0351833112578959,0.046433860108940156,-0.011250548851044255,0.0351833112578959,0.046433860108940156,0.028457953153468347,0.027836983238184523,0.2939372287959849,3.100651950131534,0.06425589225589226,18.45018450184502,0.11673884851599012,0.24735353535353535,0.7387878787878788,0.06734006734006734,3.402086915278354,0.5504242424242424,🟢 Low,➡️,2026-10-05T00:24Z
SJM,J.M. Smucker Company (The),Consumer Staples,Packaged Foods & Meats,0000091419,True,2026-07-31,10-Q,2026-04-30,10-K,0.5220288323376273,0.5313575265432104,-0.009328694205583132,0.5220288323376273,0.5313575265432104,0.22392266138576086,0.22146720879773918,1.8175558183209293,0.869975533030409,-0.008560037523452158,4.430722298760086,,-0.01836674237187716,0.0063937987558013235,0.022230176755208848,0.5501894301787149,,🟡 Medium,➡️,2026-10-05T00:24Z
SW,Smurfit Westrock,Materials,Paper & Plastic Packaging Products & Materials,0002005951,True,2026-06-30,10-Q,2026-03-31,10-Q,0.4197195745706107,0.41855689934297063,0.0011626752276400754,0.4197195745706107,0.41855689934297063,0.04872528358639319,0.04872528358639319,1.5048236859614106,1.4470304975922954,0.015464259640273445,,,0.07393641733589965,0.04962279595584169,0.03803013207672397,0.6645296783464132,,🟡 Medium,➡️,2026-10-05T00:24Z
SNA,Snap-on,Industrials,Industrial Machinery & Supplies & Components,0000091440,True,2026-07-04,10-Q,2026-04-04,10-Q,0.01483715137146472,0.014647367133671239,0.00018978423779348122,0.01483715137146472,0.014647367133671239,0.02907597767762608,0.02907597767762608,0.42616655355635374,3.432506259959026,0.1176845004571283,26.607214428857716,0.19722270708481215,0.371003020518696,0.9710909743198046,0.153652975963152,2.346500427250835,0.5967086761795646,🟢 Low,➡️,2026-10-05T00:24Z
SOLV,Solventum,Health Care,Health Care Technology,0001964738,True,2026-06-30,10-Q,2026-03-31,10-Q,0.13490514324933148,0.13106849921983485,0.0038366440294966275,0.13490514324933148,0.13106849921983485,0.03010621825079469,0.028143185517671216,1.9672916666666667,1.0212940212940214,0.1092466474759531,,0.1869069069069069,0.00547637435933441,0.13353928245453908,0.15312785227831216,0.5083130361114053,0.5844976479674225,🟢 Low,➡️,2026-10-05T00:24Z
SO,Southern Company,Utilities,Electric Utilities,0000092122,True,2026-03-31,10-Q,2025-12-31,10-K,0.204404828789314,0.36342522146736367,-0.15902039267804965,0.204404828789314,0.36342522146736367,0.02946933673241205,0.09128518030932163,,0.6502807154981068,0.02764422311518108,,0.14688864074713226,-0.03411428316701798,,0.04639211365908642,,0.18819850857474002,🟢 Low,🔻,2026-10-05T00:24Z
LUV,Southwest Airlines,Industrials,Passenger Airlines,0000092380,True,2026-06-30,10-Q,2026-03-31,10-Q,0.17045254019350956,0.1663828538708528,0.0040696863226567515,0.17045254019350956,0.1663828538708528,0.057943389922855214,0.05569934456023886,,0.4885438649381972,0.014640462120709116,3.6271186440677967,0.21907600596125187,-0.225283845694177,0.5534825044817742,0.014208883872252838,,0.0668282318571144,🟢 Low,➡️,2026-10-05T00:24Z
SWK,Stanley Black & Decker,Industrials,Industrial Machinery & Supplies & Components,0000093556,True,2026-07-04,10-Q,2026-04-04,10-Q,0.14224139805061475,0.15454361714170473,-0.012302219091089972,0.14224139805061475,0.15454361714170473,0.027788350943297735,0.029409986385865772,,1.4322774378541916,0.02000149302013089,4.214603912454,0.026562417384867552,0.09528454475327842,0.4183044268046881,0.10829372682708338,,0.7529997262796426,🟢 Low,➡️,2026-10-05T00:24Z
SBUX,Starbucks,Consumer Discretionary,Restaurants,0000829224,True,2026-06-28,10-Q,2026-03-29,10-Q,0.6036654866870739,0.5979683522113216,0.0056971344757522635,0.6036654866870739,0.5979683522113216,0.27314498507769697,0.2694290071526035,-4.686003935212332,0.7597333844245682,0.06560946042898494,5.412089937338739,0.049924161745248004,-0.08421011708906614,-0.3019116654355763,0.10378622144783299,-0.21340144264191446,1.314182514746578,🟡 Medium,➡️,2026-10-05T00:24Z
STT,State Street Corporation,Financials,Asset Management & Custody Banks,0000093751,True,2026-06-30,10-Q,2026-03-31,10-Q,0.44917099109931513,0.4445220056116798,0.004648985487635315,0.44917099109931513,0.4445220056116798,0.26810200191965033,0.26713882096548447,13.800516485071459,,0.007039038579667815,,0.21120195065978198,,0.078062818340221,,0.07246105615552417,0.03332847332933379,🟡 Medium,➡️,2026-10-05T00:24Z
STLD,Steel Dynamics,Materials,Steel,0001022671,True,2026-06-30,10-Q,2026-03-31,10-Q,0.10446858257945274,0.10563089256461662,-0.0011623099851638813,0.10446858257945274,0.10563089256461662,0.032450006413098226,0.03305141012278704,0.8227933192434613,3.183236086470284,0.06927875637095822,19.297970817425867,0.053259379031474825,0.29180228895498783,0.9626194656011935,0.08624739012980413,1.215372046189529,1.3007804001998668,🟢 Low,➡️,2026-10-05T00:24Z
STE,Steris,Health Care,Health Care Equipment,0001757898,True,2026-06-30,10-Q,2026-03-31,10-K,0.09324943278862607,0.10025623407829219,-0.0070068012896661175,0.09324943278862607,0.10025623407829219,0.02761859471516115,0.02761859471516115,0.48771282278990385,1.9058676848749319,0.07286631085776027,7.632783977942654,0.13179130376185583,0.10827954285075586,0.2938217788582446,0.10262572069932284,2.050386935245249,0.552891645942195,🟢 Low,➡️,2026-10-05T00:24Z
SYK,Stryker Corporation,Health Care,Health Care Equipment,0000310764,True,2026-06-30,10-Q,2026-03-31,10-Q,0.09522063133840016,0.09315203794826701,0.0020685933901331416,0.09522063133840016,0.09315203794826701,0.027336414402387765,0.027336414402387765,,2.157091561938959,0.06772376382224077,,0.12924032489249881,0.16136031712914667,0.455142916753599,0.10200292092635092,,0.5240141873565617,🟢 Low,➡️,2026-10-05T00:24Z
SMCI,Supermicro,Information Technology,"Technology Hardware, Storage & Peripherals",0001375365,True,2026-06-30,10-K,2026-03-31,10-Q,0.09796637053765786,0.07721830253084283,0.02074806800681503,0.09796637053765786,0.07721830253084283,0.029927903009028343,0.034037001667342755,1.0681240560761553,3.8723242365406323,0.07448382755226358,264.0821656658088,0.8975922450903023,0.6867866178209877,0.18873988507175393,0.09251770894072214,0.9362208390601978,0.08298180823160982,🟢 Low,🔺,2026-10-05T00:24Z
SYF,Synchrony Financial,Financials,Consumer Finance,0001601712,True,2026-06-30,10-Q,2026-03-31,10-Q,0.3801307016230966,0.38308460262167127,-0.0029539009985746767,0.3801307016230966,0.38308460262167127,0.1553862285323443,0.16126271713944695,6.2160738592649585,,0.029131468875584352,,,,0.21297465759042072,,0.16087324935972505,,🟢 Low,➡️,2026-10-05T00:24Z
SNPS,Synopsys,Information Technology,Application Software,0000883241,True,2026-07-31,10-Q,2026-04-30,10-Q,0.182339545773561,0.19018299502794872,-0.007843449254387708,0.182339545773561,0.19018299502794872,0.03305723900116308,0.03305723900116308,0.5320556375838258,1.3369275361152388,0.027913771501447745,776.6782682512734,0.2621684520171239,0.035085106076710844,0.22929408908466184,0.01917030461823504,1.879502686112313,0.10647265636532238,🟢 Low,➡️,2026-10-05T00:24Z
SYY,Sysco,Consumer Staples,Food Distributors,0000096021,True,2026-06-27,10-K,2026-03-28,10-Q,0.12671113888057003,0.12364026581971357,0.0030708730608564605,0.12671113888057003,0.12364026581971357,0.02756187673813992,0.027478385092167285,,1.276917228927112,0.061872733035179775,24.08654033230865,,0.10261647357115188,,0.10899038630841286,,,🟢 Low,➡️,2026-10-05T00:24Z
TMUS,T-Mobile US,Communication Services,Wireless Telecommunication Services,0001283699,True,2026-06-30,10-Q,2026-03-31,10-Q,0.14022969945586292,0.1459911964562873,-0.005761497000424387,0.14022969945586292,0.1459911964562873,0.027852843621709738,0.027398014939135365,,0.9242166935552347,0.051471999925077144,21.891017964071857,0.27071224509900504,-0.008358580773859417,0.11560596198601752,0.08559467673130323,,0.19013546988335447,🟢 Low,➡️,2026-10-05T00:24Z
TROW,T. Rowe Price,Financials,Asset Management & Custody Banks,0001113169,True,2026-06-30,10-Q,2026-03-31,10-Q,0.015850437265117704,0.00869661551175381,0.007153821753363893,0.015850437265117704,0.00869661551175381,0.028457953153468347,0.029030084623793792,0.2894251306521245,,0.13590368035839867,,0.8803728856455899,,,0.14252598129867425,3.455124984298455,0.1543705883885083,🟢 Low,➡️,2026-10-05T00:24Z
TTWO,Take-Two Interactive,Communication Services,Interactive Home Entertainment,0000946581,True,2026-06-30,10-Q,2026-03-31,10-K,0.8564248046137267,0.8507847898839275,0.0056400147297992476,0.8564248046137267,0.8507847898839275,0.5810542882438624,0.6107082363835094,1.5119720651812438,1.0623293576663313,-0.03289865625206858,,,0.019141236954171355,-0.8154166942476997,-0.011495774585732883,0.661387880787419,,🔴 High,➡️,2026-10-05T00:24Z
TPR,"Tapestry, Inc.",Consumer Discretionary,"Apparel, Accessories & Luxury Goods",0001116132,True,2026-06-27,10-K,2026-03-28,10-Q,0.08950031782392755,0.08301906274670813,0.006481255077219417,0.08950031782392755,0.08301906274670813,0.24626279435595724,0.24626279435595724,8.66868949573761,1.7521580547112463,0.22829774197886935,,0.25981292517006804,0.18490069787946262,-0.4796538996069758,0.2860857480161992,0.11535769051270085,0.8787004796987312,🟢 Low,➡️,2026-10-05T00:24Z
TRGP,Targa Resources,Energy,Oil & Gas Storage & Transportation,0001389170,True,2026-06-30,10-Q,2026-03-31,10-Q,0.13402181479799552,0.13015644880419996,0.0038653659937955553,0.13402181479799552,0.13015644880419996,0.027610364402158232,0.027803197582107808,,0.7707484389199964,0.06743795392616543,24.841163310961967,0.11292965240217755,-0.0274240665471978,0.10698542175899786,0.11682231519440577,,0.5971678163499339,🟢 Low,➡️,2026-10-05T00:24Z
TGT,Target Corporation,Consumer Staples,Consumer Staples Merchandise Retail,0000027419,True,2026-08-01,10-Q,2026-05-02,10-Q,0.21627383375903536,0.2190788921677066,-0.002805058408671235,0.21627383375903536,0.2190788921677066,0.029675163612433747,0.030747401914156494,,0.9881019830028328,0.06050461337470401,10.193227091633466,0.05102040816326531,-0.004115293541275414,0.1778394708908304,0.08356332162978689,,1.1858904221441986,🟢 Low,➡️,2026-10-05T00:24Z
TEL,TE Connectivity,Information Technology,Electronic Manufacturing Services,0001385157,True,2026-06-26,10-Q,2026-03-27,10-Q,0.06175358691814058,0.06269816097032589,-0.0009445740521853152,0.06175358691814058,0.06269816097032589,0.027336414402387765,0.027336414402387765,,1.8761802575107296,0.07065592635212889,40.1375,,0.15661680092059838,0.5561948599923283,0.12316839278864596,,,🟢 Low,➡️,2026-10-05T00:24Z
TDY,Teledyne Technologies,Information Technology,Electronic Equipment & Instruments,0001094285,True,2026-06-28,10-Q,2026-03-29,10-Q,0.04839920114528966,0.053310380541632466,-0.004911179396342807,0.04839920114528966,0.053310380541632466,0.02926138382095574,0.029439394380479458,0.3994962678023538,2.1811367043750853,0.05855867647443784,14.874514877102198,0.8769110152881223,0.11342635009554723,0.4986322347582524,0.07524672129001858,2.5031522960177903,0.06677835658752389,🟢 Low,➡️,2026-10-05T00:24Z
TER,Teradyne,Information Technology,Semiconductor Materials & Equipment,0000097210,True,2026-06-28,10-Q,2026-03-29,10-Q,0.043430806175935595,0.037633104469058716,0.005797701706876879,0.043430806175935595,0.037633104469058716,0.02761859471516115,0.02761859471516115,0.4225299825844694,2.124820837778712,0.11248276104293127,94.95340344726847,0.17368113844911512,0.25428408258295354,0.2849647059444533,0.13197351722636982,2.3666959534642884,0.6476394733898312,🟢 Low,➡️,2026-10-05T00:24Z
TSLA,"Tesla, Inc.",Consumer Discretionary,Automobile Manufacturers,0001318605,True,2026-06-30,10-Q,2026-03-31,10-Q,0.24924727868059163,0.24722214396832268,0.00202513471226895,0.24924727868059163,0.24722214396832268,0.04117487147342292,0.04143700958202448,0.702353266250662,1.9409456598447423,0.02554469311357087,27.916666666666668,0.04000970187815706,0.22442837521208694,0.2733160970617543,0.02932186044006356,1.4237849356610115,0.6384624707118042,🟢 Low,➡️,2026-10-05T00:24Z
TXN,Texas Instruments,Information Technology,Semiconductors,0000097476,True,2026-06-30,10-Q,2026-03-31,10-Q,0.016203868294507016,0.013224497108173397,0.0029793711863336184,0.016203868294507016,0.013224497108173397,0.030677306179673045,0.030365980236473328,0.9926695174098962,4.85727496917386,0.13937350203444623,,,0.3487263809152221,1.4815506382029988,0.16785574940081377,1.0073846153846153,,🟢 Low,➡️,2026-10-05T00:24Z
TPL,Texas Pacific Land Corporation,Energy,Oil & Gas Exploration & Production,0001811074,True,2026-06-30,10-Q,2026-03-31,10-Q,6.495527419103185e-05,7.811535605127854e-05,-1.3160081860246693e-05,6.495527419103185e-05,7.811535605127854e-05,0.036457311096901576,0.036457311096901576,0.11186093262488953,4.5518618857901725,0.2588775105217927,,,0.17979224232229113,0.9647545488670451,0.3184561870722581,8.939671577326862,,🟢 Low,➡️,2026-10-05T00:24Z
TXT,Textron,Industrials,Aerospace & Defense,0000217346,True,2026-07-04,10-Q,2026-04-04,10-Q,0.2570043283095458,0.26237002868721326,-0.005365700377667482,0.2570043283095458,0.26237002868721326,0.02796176513437687,0.02796176513437687,1.2515520238390863,,0.05078857394948715,,0.06223393472531928,,0.34438072129701114,,0.7990079365079366,0.8160913201720525,🟢 Low,➡️,2026-10-05T00:24Z
TMO,Thermo Fisher Scientific,Health Care,Life Sciences Tools & Services,0000097745,True,2026-06-27,10-Q,2026-03-28,10-Q,0.08177766098151133,0.08369359821625386,-0.0019159372347425235,0.08177766098151133,0.08369359821625386,0.027336414402387765,0.027336414402387765,,1.5505342093038688,0.0592362203332921,5.633454545454545,0.3204895305478535,0.0733030554721049,0.5495431812960574,0.068443282025907,,0.1848304380864863,🟢 Low,➡️,2026-10-05T00:24Z
TJX,TJX Companies,Consumer Discretionary,Apparel Retail,0000109198,True,2026-08-01,10-Q,2026-05-02,10-Q,0.05801941564323692,0.05602688947409162,0.0019925261691452964,0.05801941564323692,0.05602688947409162,0.027672378614087015,0.027920573036032164,,1.147380239520958,0.14802640441869863,60.29401265822785,0.18893744763941162,0.05305132695675603,0.2685167721945305,0.1283369796578203,,0.7834677893035161,🟢 Low,➡️,2026-10-05T00:24Z
TKO,TKO Group Holdings,Communication Services,Movies & Entertainment,0001973266,True,2026-06-30,10-Q,2026-03-31,10-Q,0.4782012342071383,0.4773660255213926,0.0008352086857456587,0.4782012342071383,0.4773660255213926,0.0828109624710958,0.05082085081476784,2.3258445693258873,1.2777347277560405,0.012014657411054471,4.118974566405556,0.04126647703526244,0.04290722453500485,-0.08662668646861683,0.051342196169412185,0.4299513446377182,0.2911481249244484,🟡 Medium,➡️,2026-10-05T00:24Z
TSCO,Tractor Supply,Consumer Discretionary,Other Specialty Retail,0000916365,True,2026-06-27,10-Q,2026-03-28,10-Q,0.15068547656171288,0.1454164483079737,0.0052690282537391775,0.15068547656171288,0.1454164483079737,0.13502342603867884,0.13831558212430786,3.6215164740373122,1.3338090238448228,0.09012523700192594,21.222217401365267,0.0706057557417699,0.08754996476267822,0.6407216485097091,0.12065536896160534,0.27612741987203704,1.2764573660474037,🟢 Low,➡️,2026-10-05T00:24Z
TT,Trane Technologies,Industrials,Building Products,0001466258,True,2026-06-30,10-Q,2026-03-31,10-Q,0.07033514979592807,0.06106155530592438,0.009273594490003693,0.07033514979592807,0.06106155530592438,0.0277561271992256,0.0277561271992256,1.7720836377552796,1.0734009462632137,0.12198649145684956,17.500661667401854,0.19744283588147749,0.025742301133513893,0.4399304510649681,0.1658223827197646,0.5643074506724256,0.6178319456983314,🟢 Low,➡️,2026-10-05T00:24Z
TDG,TransDigm Group,Industrials,Aerospace & Defense,0001260221,True,2026-06-27,10-Q,2026-03-28,10-Q,0.4231530844448437,0.44026333338017687,-0.017110248935333194,0.4231530844448437,0.44026333338017687,0.231886996185124,0.23267067834146218,-3.7183199102864717,3.019036519036519,0.07752111833744486,,0.23485448986524743,0.19425132690438812,-0.34039769754055466,0.15567765567765568,-0.26893866695912044,0.33008148314270763,🟡 Medium,➡️,2026-10-05T00:24Z
TRV,Travelers Companies (The),Financials,Property & Casualty Insurance,0000086312,True,2026-06-30,10-Q,2026-03-31,10-Q,0.28826705642935213,0.2925305956316384,-0.004263539202286282,0.28826705642935213,0.2925305956316384,0.1410911880955086,0.1442773223632128,3.3350140394311767,,0.0437944003343084,8.567058823529411,0.12877856967313836,,0.40636578910711796,0.02535868505362864,0.2998488126816285,0.34007521938988716,🟢 Low,➡️,2026-10-05T00:24Z
TRMB,Trimble Inc.,Information Technology,Application Software,0000864749,True,2026-07-03,10-Q,2026-04-03,10-Q,0.1483085905077523,0.13093351216175775,0.017375078345994555,0.1483085905077523,0.13093351216175775,0.027995109720467527,0.027336414402387765,0.671127807779604,0.9536945114168203,0.049644061446234546,68.51058905219303,0.11161713217679732,-0.007645653802922443,0.3163989321843387,0.06931434994379918,1.4900291545189503,0.44477098164106404,🟢 Low,➡️,2026-10-05T00:24Z
TFC,Truist Financial,Financials,Diversified Banks,0000092230,True,2026-06-30,10-Q,2026-03-31,10-Q,0.45759508723645115,0.4572516994243876,0.00034338781206355584,0.45759508723645115,0.4572516994243876,0.1751085048267215,0.1743799900081313,7.674982447928856,,,,,,0.04977491938283129,,0.13029345757915792,,🟡 Medium,➡️,2026-10-05T00:24Z
TYL,Tyler Technologies,Information Technology,Application Software,0000860731,True,2026-06-30,10-Q,2026-03-31,10-Q,0.11782670551148301,0.035192410379594405,0.08263429513188861,0.11782670551148301,0.035192410379594405,0.028379374157220607,0.028207195961392123,0.9141039980166145,1.5536587618076978,0.05428724076196819,,0.6400372337513004,0.11138514401463058,0.4054464928298865,0.061524266647584896,1.0939674283995684,0.08481887912018352,🟢 Low,🔺,2026-10-05T00:24Z
TSN,Tyson Foods,Consumer Staples,Packaged Foods & Meats,0000100493,True,2026-06-27,10-Q,2026-03-28,10-Q,0.293178912207815,0.30776542301625187,-0.01458651080843687,0.293178912207815,0.30776542301625187,0.056086641865825744,0.05527707894492836,,1.433419178912286,0.013310120184207571,,0.008706673279329917,0.0803380882848478,0.5235033134898349,0.030832303717847915,,1.5287262720431316,🟢 Low,➡️,2026-10-05T00:24Z
USB,U.S. Bancorp,Financials,Diversified Banks,0000036104,True,2026-06-30,10-Q,2026-03-31,10-Q,0.40771061629760885,0.4057881491705941,0.0019224671270147708,0.40771061629760885,0.4057881491705941,0.17645188020274305,0.17683645343407428,9.758319492229209,,0.010428175083136112,,0.2641680625348967,,0.114669976498723,,0.10247666115014217,0.03947553304918738,🟡 Medium,➡️,2026-10-05T00:24Z
UBER,Uber,Industrials,Passenger Ground Transportation,0001543151,True,2026-06-30,10-Q,2026-03-31,10-Q,0.207521292625082,0.19871242983201942,0.008808862793062588,0.207521292625082,0.19871242983201942,0.0341125388910158,0.03857585224047632,1.3692341484844048,0.8425122722076525,0.1527788331484324,8.791469194312796,0.19326374070015573,-0.035592164252822904,-0.12081883254053889,0.08457318277837723,0.7303352761884391,0.79051990091336,🟢 Low,➡️,2026-10-05T00:24Z
UDR,"UDR, Inc.",Real Estate,Multi-Family Residential REITs,0000074208,True,2026-03-31,10-Q,2025-12-31,10-K,0.30307274021011954,0.30853690716593346,-0.0054641669558139205,0.30307274021011954,0.30853690716593346,0.03209823475373656,0.03355189037547019,1.895499866085559,,0.03655044130053551,3.0608627381597424,0.22058065183023937,,,0.05357248958608926,0.5275653234759247,0.16570103042702503,🟢 Low,➡️,2026-10-05T00:24Z
ULTA,Ulta Beauty,Consumer Discretionary,Other Specialty Retail,0001403568,True,2026-08-01,10-Q,2026-05-02,10-Q,0.10141851383223358,0.10163381584780928,-0.00021530201557570794,0.10141851383223358,0.10163381584780928,0.034126061891292934,0.03442244725519227,1.6341271705511244,1.345087271257602,0.16563573833815579,8286.443243243244,0.09307639423472623,0.11304503909419224,0.22520135842445738,0.22013253972242763,0.6119474775410171,1.7795676304396213,🟢 Low,➡️,2026-10-05T00:24Z
UNP,Union Pacific Corporation,Industrials,Rail Transportation,0000100885,True,2026-06-30,10-Q,2026-03-31,10-Q,0.036296442120655595,0.03473318112391249,0.0015632609967431016,0.036296442120655595,0.03473318112391249,0.06760149681900583,0.0716916880871863,2.4446379335364967,0.9859230220955096,0.10023732288550927,7.347761194029851,0.36543285721599345,-0.0011093791689486174,1.0052379548103523,0.138265155664153,0.4090585302148878,0.2742975102161183,🟢 Low,➡️,2026-10-05T00:24Z
UAL,United Airlines Holdings,Industrials,Passenger Airlines,0000100517,True,2026-06-30,10-Q,2026-03-31,10-Q,0.2170753859026539,0.2193764522037003,-0.0023010663010464005,0.2170753859026539,0.2193764522037003,0.027398014939135365,0.027829977783001978,,0.7802910243480766,0.03964809800281427,6.465020576131687,0.08885414458342167,-0.07213044969196751,0.13639749790112216,0.05572964088495785,,0.4462155163239485,🟢 Low,➡️,2026-10-05T00:24Z
UPS,United Parcel Service,Industrials,Air Freight & Logistics,0001090727,True,2026-06-30,10-Q,2026-03-31,10-Q,0.12639614650511705,0.12553264949518075,0.0008634970099362926,0.12639614650511705,0.12553264949518075,0.027821302323545825,0.027893289511744312,,1.1790202271352732,0.07818485414006483,10.021656050955414,0.0845882924459558,0.03738055481499151,0.2642176603477065,0.11038769697054737,,0.924298763803724,🟢 Low,➡️,2026-10-05T00:24Z
URI,United Rentals,Industrials,Trading Companies & Distributors,0001067701,True,2026-03-31,10-Q,2025-12-31,10-K,0.10308564903973054,0.10614748879685625,-0.003061839757125706,0.10308564903973054,0.10614748879685625,0.06096754715845249,0.06203068493002517,2.3327386262265835,0.802277683547371,0.0834448608137045,,0.15491645443816385,-0.027301927194860815,0.5436964668094219,0.13292960385438973,0.42868068833652007,0.5386442719486081,🟢 Low,➡️,2026-10-05T00:24Z
UNH,UnitedHealth Group,Health Care,Managed Health Care,0000731766,True,2026-06-30,10-Q,2026-03-31,10-Q,0.27417989893278294,0.2750307727022038,-0.0008508737694208346,0.27417989893278294,0.2750307727022038,0.032161700763529796,0.03169472547804225,,0.7767841173314255,0.03892460134247257,4.738630684657672,0.026936749134766416,-0.08058709766988348,0.32595479244625103,0.06122811379053166,,1.4450370810423372,🟢 Low,➡️,2026-10-05T00:24Z
UHS,Universal Health Services,Health Care,Health Care Facilities,0000352915,True,2026-06-30,10-Q,2026-03-31,10-Q,0.09803110967129396,0.0958159660154959,0.0022151436557980575,0.09803110967129396,0.0958159660154959,0.027419906048360396,0.027419906048360396,,1.1157394828326546,0.09342645715355026,12.776578158238717,,0.02395088546405174,,0.1251304792335797,,,🟢 Low,➡️,2026-10-05T00:24Z
VLO,Valero Energy,Energy,Oil & Gas Refining & Marketing,0001035002,True,2026-06-30,10-Q,2026-03-31,10-Q,0.07762151747003813,0.07940376773789966,-0.0017822502678615237,0.07762151747003813,0.07940376773789966,0.0289958800345151,0.02761499729470955,,1.6364315441254935,0.03631133724077138,5.721223021582734,,0.18446406755022193,0.80769528169123,0.04919351097227163,,,🟢 Low,➡️,2026-10-05T00:24Z
VEEV,Veeva Systems,Health Care,Health Care Technology,0001393052,True,2026-07-31,10-Q,2026-04-30,10-Q,0.009474463661792765,0.01139697665274229,-0.001922512990949525,0.009474463661792765,0.01139697665274229,0.03144418406287825,0.030792753328292982,0.21917313837449467,5.457760912119235,0.1003182813491456,,0.8232240207013797,0.7163484828132818,0.5405900053453431,0.1011419917589225,4.562602914830419,0.12186024560322632,🟢 Low,➡️,2026-10-05T00:24Z
VTR,Ventas,Real Estate,Health Care REITs,0000740260,True,2026-06-30,10-Q,2026-03-31,10-Q,0.4448605459150909,0.46283243893599724,-0.01797189302090635,0.4448605459150909,0.46283243893599724,0.11106071733364557,0.1096192097819026,0.985996968203269,,0.008300777693582416,,0.042195379483645816,,-0.2672502290944101,,1.0142019014746546,0.19672243253078578,🟡 Medium,➡️,2026-10-05T00:24Z
VLTO,Veralto,Industrials,Environmental & Facilities Services,0001967680,True,2026-04-03,10-Q,2025-12-31,10-K,0.045955812228294014,0.047320278046984986,-0.0013644658186909714,0.045955812228294014,0.047320278046984986,0.027336414402387765,0.02750422639754972,,1.4838709677419355,0.12282764928786097,42.56666666666667,,0.12544100352802823,0.25689272180844114,0.1668626682346792,,,🟢 Low,➡️,2026-10-05T00:24Z
VRSN,Verisign,Information Technology,Internet Services & Infrastructure,0001014473,True,2026-06-30,10-Q,2026-03-31,10-Q,0.9980771895449928,0.9998438128559742,-0.00176662331098143,0.9980771895449928,0.9998438128559742,0.24356408680982009,0.2708690089881632,-1.7997870547003239,0.5909641409088515,0.17751941424450854,14.558441558441558,0.193186043703972,-0.43088528954958955,-6.292433991568671,0.6218105169735966,-0.5556212871897261,0.9189039272243177,🔴 High,➡️,2026-10-05T00:24Z
VRSK,Verisk Analytics,Industrials,Research & Consulting Services,0001442145,True,2026-03-31,10-Q,2025-12-31,10-K,0.0027469923967725616,0.016722696802583162,-0.0139757044058106,0.0027469923967725616,0.016722696802583162,0.23292419545402132,0.224515947983535,-4.937312665924467,1.0179554501566868,0.19752522616562282,11.635497835497835,,0.004610299234516353,1.7353209812108559,0.2922538274182324,-0.2025393301302621,,🟢 Low,➡️,2026-10-05T00:24Z
VZ,Verizon,Communication Services,Integrated Telecommunication Services,0000732712,True,2026-06-30,10-Q,2026-03-31,10-Q,0.15099502765101788,0.15540608543978549,-0.004411057788767603,0.15099502765101788,0.15540608543978549,0.028098880858061424,0.028098880858061424,,0.6039285656877401,0.04186881073464233,5.29670528602462,0.12427726841834852,-0.060070309566879414,0.23825289015227238,0.07133105469226156,,0.3368983826849283,🟢 Low,➡️,2026-10-05T00:24Z
VRTX,Vertex Pharmaceuticals,Health Care,Biotechnology,0000875320,True,2026-06-30,10-Q,2026-03-31,10-Q,0.009169420378911301,0.009115293636339247,5.412674257205402e-05,0.009169420378911301,0.009115293636339247,0.028568273650934606,0.02854684907526141,0.35437749099906657,3.1853779933467075,0.1441547880816678,71.76660762497636,1.5884904759685163,0.31381343601973505,0.5721849667983065,0.1521808097493737,2.8218496529810184,0.09074954509486459,🟢 Low,➡️,2026-10-05T00:24Z
VRT,Vertiv,Industrials,Electrical Components & Equipment,0001674101,True,2026-06-30,10-Q,2026-03-31,10-Q,0.1395880806466051,0.10931515120975827,0.03027292943684684,0.1395880806466051,0.10931515120975827,0.0707633923528461,0.042029165401477664,2.34221035816378,1.3785586083114731,0.08381915489060368,21.250871080139373,,0.1724367803080329,0.11747762705255678,0.1150689583608475,0.42694713415236063,0.0,🟢 Low,🔺,2026-10-05T00:24Z
VTRS,Viatris,Health Care,Pharmaceuticals,0001792044,True,2026-06-30,10-Q,2026-03-31,10-Q,0.5322794282064303,0.5206502146205919,0.01162921358583835,0.5322794282064303,0.5206502146205919,0.5501935575563861,0.5520894177254085,,1.5846229001859498,0.0,-5.650541056651814,0.0,0.10586224411178898,-0.009436546572082432,-0.07599173624467108,,0.4080486009256776,🟡 Medium,➡️,2026-10-05T00:24Z
VICI,Vici Properties,Real Estate,Hotel & Resort REITs,0001705696,True,2026-06-30,10-Q,2026-03-31,10-Q,0.19746383358688688,0.19869725428886129,-0.0012334207019744081,0.19746383358688688,0.19869725428886129,0.11122905139291707,0.11122905139291707,0.6399735913534479,,0.05749788383222964,0.3924156781442835,0.6928139374895784,,0.0660729105251535,0.006650298045087735,1.5625644768952893,0.08299181168406351,🟢 Low,➡️,2026-10-05T00:24Z
V,Visa Inc.,Financials,Transaction & Payment Processing Services,0001403161,True,2026-03-31,10-Q,2025-12-31,10-Q,0.011569000697922896,0.01165337641587151,-8.437571794861487e-05,0.011569000697922896,0.01165337641587151,0.11043281080218352,0.10931624960229047,,1.0876668042371715,0.2110279960862292,-827.3793103448276,0.9181543531996704,0.02681774663594567,0.13805510841776347,0.2524382160780229,,0.22983934602152573,🟢 Low,➡️,2026-10-05T00:24Z
VST,Vistra Corp.,Utilities,Electric Utilities,0001692819,True,2026-06-30,10-Q,2026-03-31,10-Q,0.4930895227194115,0.4916571333461323,0.0014323893732791637,0.4930895227194115,0.4916571333461323,0.19832840602112478,0.19117282676268607,6.769244801167457,0.9733825897508762,0.022158063986104266,2.575675675675676,0.05321907768632315,-0.006595779639931461,0.025256437340093422,0.044738633429570684,0.14772696650408257,0.4163556557049973,🟡 Medium,➡️,2026-10-05T00:24Z
VMRK,Vivmark Residential,Real Estate,Multi-Family Residential REITs,0000906107,True,2026-06-30,10-Q,2026-03-31,10-Q,0.21478382275950295,0.21400803456894074,0.0007757881905622044,0.21478382275950295,0.21400803456894074,0.028755587878601472,0.028755587878601472,0.892916391662181,,0.05524326138782635,892.7576923076923,0.4146826726395972,,0.032114400492770194,0.05724054116930926,1.1199256832305216,0.13321815699745562,🟢 Low,➡️,2026-10-05T00:24Z
VMC,Vulcan Materials Company,Materials,Construction Materials,0001396009,True,2026-03-31,10-Q,2025-12-31,10-K,0.1899754139931596,0.19269519296731982,-0.0027197789741602307,0.1899754139931596,0.19269519296731982,0.02755775636815037,0.02755775636815037,0.9699336196798126,2.5893913566629903,0.06457784788489106,8.259051504334524,0.13835952659376244,0.09507044365407338,0.33213778047010417,0.09713966976350845,1.0309983896940418,0.46673943944964585,🟢 Low,➡️,2026-10-05T00:24Z
WRB,W. R. Berkley Corporation,Financials,Property & Casualty Insurance,0000011544,True,2026-06-30,10-Q,2026-03-31,10-Q,0.2905702312736933,0.2872408463176201,0.0033293849560732114,0.2905702312736933,0.2872408463176201,0.11088691637217624,0.10770161239640291,3.6441738068199094,,0.03895611791401966,,0.12098316709111104,,0.3077108660523269,,0.2744106217240639,0.32199618220179543,🟢 Low,➡️,2026-10-05T00:24Z
GWW,W. W. Grainger,Industrials,Industrial Machinery & Supplies & Components,0000277135,True,2026-06-30,10-Q,2026-03-31,10-Q,0.0016473910903573193,0.0015915850745833694,5.5806015773949896e-05,0.0016473910903573193,0.0015915850745833694,0.030078996143326504,0.029854795354558917,,2.8054256314312442,0.17737575379496776,28.352272727272727,,0.4013308380120607,1.6487835308796008,0.25940944063214805,,,🟢 Low,➡️,2026-10-05T00:24Z
WAB,Wabtec,Industrials,Construction Machinery & Heavy Transportation Equipment,0000943452,True,2026-06-30,10-Q,2026-03-31,10-Q,0.16662548110643136,0.1731307949315723,-0.00650531382514094,0.16662548110643136,0.1731307949315723,0.027558194489859893,0.027619795026607493,1.0597467451400036,1.1214033785038056,0.05058803182289865,120.16620869914885,0.4893100393873671,0.028277412659979247,0.1958232445520581,0.07752507782774126,0.9436216762032985,0.10338645797301972,🟢 Low,➡️,2026-10-05T00:24Z
WMT,Walmart,Consumer Staples,Consumer Staples Merchandise Retail,0000104169,True,2026-07-31,10-Q,2026-04-30,10-Q,0.27745402826389615,0.28004304255829143,-0.0025890142943952865,0.27745402826389615,0.28004304255829143,0.034344314493813574,0.034344314493813574,,0.7671279079823575,0.0744877753356424,,0.03069845182658102,-0.09161523438829046,0.3524874623189096,0.10147526147104255,,2.426434263083759,🟢 Low,➡️,2026-10-05T00:24Z
DIS,Walt Disney Company (The),Communication Services,Movies & Entertainment,0001744489,True,2026-06-27,10-Q,2026-03-28,10-Q,0.11761653396322076,0.12031663975692243,-0.002700105793701668,0.11761653396322076,0.12031663975692243,0.07915316772713851,0.0791212909349233,,0.7090727816550348,0.06058415551431083,-9.68598233995585,0.1313635160180037,-0.04988277815766338,0.3177298036534141,0.08572335645208558,,0.4611946859431474,🟢 Low,➡️,2026-10-05T00:24Z
WBD,Warner Bros. Discovery,Communication Services,Broadcasting,0001437107,True,2026-06-30,10-Q,2026-03-31,10-Q,0.5341780548715717,0.5355381976781757,-0.0013601428066040144,0.5341780548715717,0.5355381976781757,0.3478273098927415,0.3453042996006847,1.9262135331018941,0.7767453385368271,0.007475732148733136,0.33228275551553355,0.06889036292997253,-0.03705988812109246,-0.14683078315235273,0.007588845014807503,0.5191532417434747,0.1085163705166173,🟡 Medium,➡️,2026-10-05T00:24Z
WM,Waste Management,Industrials,Environmental & Facilities Services,0000823768,True,2026-06-30,10-Q,2026-03-31,10-Q,0.18798729536665426,0.18554394086052095,0.0024433545061333106,0.18798729536665426,0.18554394086052095,0.11037653130944892,0.10883840136027138,3.6790931989924434,0.9073638197713517,0.05831054456191727,8.616,0.18695201933034172,-0.011864516267952886,0.3870933011778385,0.09276286040352275,0.2718061070792825,0.3119011218535346,🟢 Low,➡️,2026-10-05T00:24Z
WAT,Waters Corporation,Health Care,Life Sciences Tools & Services,0001000697,True,2026-07-04,10-Q,2026-04-04,10-Q,0.19963793887284634,0.1897830657499263,0.00985487312292005,0.19963793887284634,0.1897830657499263,0.041155724092043794,0.04110797250885196,0.6288910825929582,1.8611921634014172,0.025963759040038788,11.540058664519469,,0.08347137489394368,0.4130338168154822,0.032426487818673994,1.5901004604437003,,🟢 Low,➡️,2026-10-05T00:24Z
WEC,WEC Energy Group,Utilities,Electric Utilities,0000783325,True,2026-06-30,10-Q,2026-03-31,10-Q,0.21376976081047983,0.21453303970443913,-0.0007632788939593016,0.21376976081047983,0.21453303970443913,0.08605020212686777,0.08916644921362253,,0.5340987635358267,0.012138296581637295,3.0883202641353695,0.06533606799930614,-0.046001546907701175,0.1701750128908975,0.042557023264278564,,0.18578247747884377,🟢 Low,➡️,2026-10-05T00:24Z
WFC,Wells Fargo,Financials,Diversified Banks,0000072971,True,2026-06-30,10-Q,2026-03-31,10-Q,0.4231758090727476,0.42083702086542885,0.002338788207318754,0.4231758090727476,0.42083702086542885,0.2561444620483305,0.2561444620483305,11.653687774016316,,0.009349746144182743,,0.25084937046659533,,0.10394789941814941,,0.08580974704244723,0.037272352435214956,🟡 Medium,➡️,2026-10-05T00:24Z
WELL,Welltower,Real Estate,Health Care REITs,0000766704,True,2026-03-31,10-Q,2025-12-31,10-K,0.18722161586200264,0.20995706701489186,-0.02273545115288922,0.18722161586200264,0.20995706701489186,0.08763284259003751,0.08884131631318626,0.5090069741806322,,0.003237253794806458,,0.020078364766155928,,0.17497982313624422,,1.9646096236888262,0.16123094846165806,🟢 Low,🔻,2026-10-05T00:24Z
WST,West Pharmaceutical Services,Health Care,Health Care Supplies,0000105770,True,2026-06-30,10-Q,2026-03-31,10-Q,0.00960972575084108,0.010676746631407224,-0.0010670208805661444,0.00960972575084108,0.010676746631407224,0.028491650578301386,0.028491650578301386,0.36325329409404056,2.822014051522248,0.12111176528309292,64.9888888888889,0.17101389033219025,0.28628201354136,1.1343587479148267,0.14348444706113236,2.752900018412815,0.7081984103620842,🟢 Low,➡️,2026-10-05T00:24Z
WDC,Western Digital,Information Technology,"Technology Hardware, Storage & Peripherals",0000106040,True,2026-07-03,10-K,2026-04-03,10-Q,7.22033839217006e-05,0.00019500135911264087,-0.00012279797519094027,7.22033839217006e-05,0.00019500135911264087,0.03106876202325055,0.030895178238629712,0.5637409747292419,1.3287735849056603,0.6798932255969987,14.272435897435898,,0.10056994444845249,0.7213043791934204,0.32126109227328475,1.7738643185911547,,🟢 Low,➡️,2026-10-05T00:24Z
WY,Weyerhaeuser,Real Estate,Timber REITs,0000106535,True,2026-06-30,10-Q,2026-03-31,10-Q,0.3364590430569042,0.31220262372715296,0.024256419329751255,0.3364590430569042,0.31220262372715296,0.047676840921086344,0.044648154352172786,0.7462986463620981,1.8157602663706993,0.019620904741718646,2.6776556776556775,0.04692251991310645,0.04451038575667656,0.08732513777024163,0.04426815236480349,1.3399461527561287,0.4181553927208866,🟢 Low,🔺,2026-10-05T00:24Z
WSM,"Williams-Sonoma, Inc.",Consumer Discretionary,Homefurnishing Retail,0000719955,True,2026-08-02,10-Q,2026-05-03,10-Q,0.021571531744045948,0.01770725753429292,0.0038642742097530283,0.021571531744045948,0.01770725753429292,0.030683273503484685,0.03328601345985192,1.5719417034033127,1.4466332170708815,0.1976709975798657,,,0.153999432650492,0.2926835159542532,0.2571092126009706,0.6361559069493242,,🟢 Low,➡️,2026-10-05T00:24Z
WMB,Williams Companies,Energy,Oil & Gas Storage & Transportation,0000107263,True,2026-06-30,10-Q,2026-03-31,10-Q,0.23575865002062252,0.24253660434598184,-0.0067779543253593255,0.23575865002062252,0.24253660434598184,0.04626492385069272,0.04832510817772806,,0.4770852428964253,0.043194192377495465,3.394822006472492,0.21907949790794978,-0.05647582907111038,-0.1952483088599241,0.06922950008249464,,0.19716218445801023,🟢 Low,➡️,2026-10-05T00:24Z
WTW,Willis Towers Watson,Financials,Insurance Brokers,0001140536,True,2026-06-30,10-Q,2026-03-31,10-Q,0.33314346866825834,0.3128070568820326,0.02033641178622575,0.33314346866825834,0.3128070568820326,0.08328413843984646,0.07368653963037856,2.964229968782518,1.098392915710069,0.05252135213848621,8.592307692307692,0.16532756489493203,0.04908537583036094,-0.0228737851369482,0.07310448640335089,0.3373557418052569,0.31768055237409604,🟢 Low,🔺,2026-10-05T00:24Z
WDAY,"Workday, Inc.",Information Technology,Application Software,0001327811,True,2026-07-31,10-Q,2026-04-30,10-Q,0.31043958021691626,0.31512702924675823,-0.004687449029841972,0.31043958021691626,0.31512702924675823,0.030315810669673985,0.03140045458444791,1.4546439628482972,0.9081089304731478,0.04370309642429211,6.324561403508772,0.32337089661930424,-0.03809043324714637,0.021567761871728573,0.04546887809800088,0.6874534425880601,0.13514851485148516,🟢 Low,➡️,2026-10-05T00:24Z
WYNN,Wynn Resorts,Consumer Discretionary,Casinos & Gaming,0001174922,True,2026-06-30,10-Q,2026-03-31,10-Q,0.23310231885942148,0.2832623041443781,-0.050159985284956604,0.23310231885942148,0.2832623041443781,0.26378010008030506,0.25908498168925737,-83.00866917279922,0.9124050173333375,0.024874850247753762,1.4881844395742432,0.048727384237963814,-0.019360927895884526,-0.09465694624345564,0.08498852706863279,-0.012046934494495981,0.5104901614721524,🟢 Low,🔻,2026-10-05T00:24Z
XEL,Xcel Energy,Utilities,Multi-Utilities,0000072903,True,2026-06-30,10-Q,2026-03-31,10-Q,0.22395661420396354,0.22360437848256187,0.0003522357214016669,0.22395661420396354,0.22360437848256187,0.05126257957567537,0.05271676819776136,,0.7013376383763837,0.02315149429243389,1.7595367847411445,0.17491548929531073,-0.029713761257385417,0.11021625652498136,0.02963345379452762,,0.1323581712843458,🟢 Low,➡️,2026-10-05T00:24Z
XYL,Xylem Inc.,Industrials,Industrial Machinery & Supplies & Components,0001524472,True,2026-06-30,10-Q,2026-03-31,10-Q,0.16644254433291836,0.13741272192175052,0.029029822411167833,0.16644254433291836,0.13741272192175052,0.027336414402387765,0.02761859471516115,0.6406294981287785,1.6130690161527166,0.05518394648829431,24.959183673469386,0.10592141671278361,0.09629800484373198,0.22811671087533156,0.07052243109214623,1.560964649490713,0.5209895052473763,🟢 Low,🔺,2026-10-05T00:24Z
YUM,Yum! Brands,Consumer Discretionary,Restaurants,0001041061,True,2026-06-30,10-Q,2026-03-31,10-Q,0.2725806607539264,0.24480531444554857,0.02777534630837783,0.2725806607539264,0.24480531444554857,0.24362550111535833,0.24449568670761157,-2.221612494723512,0.5920316868592731,0.17956692006450126,21.8135593220339,0.18979790601412222,-0.20168164017507487,-0.7842662980879982,0.2964754664823773,-0.45012350370511117,0.9460953697304768,🟢 Low,🔺,2026-10-05T00:24Z
ZBRA,Zebra Technologies,Information Technology,Electronic Equipment & Instruments,0000877212,True,2026-07-04,10-Q,2026-04-04,10-Q,0.15885273913351236,0.1250161325123216,0.03383660662119076,0.15885273913351236,0.1250161325123216,0.02860139908906384,0.02807860136644016,1.514410480349345,0.5157578789394698,0.0485122148894292,140.0,,-0.22415190459650342,0.6538149820539539,0.08104665971981012,0.660322952710496,,🟢 Low,🔺,2026-10-05T00:24Z
ZBH,Zimmer Biomet,Health Care,Health Care Equipment,0001136869,True,2026-06-30,10-Q,2026-03-31,10-Q,0.1703070956571088,0.17116565553508856,-0.0008585598779797532,0.1703070956571088,0.17116565553508856,0.02857334793048942,0.028321493943207557,0.8052424369648049,1.6912891986062717,0.03092842291800086,,,0.09137723815455877,0.5243970909473721,0.04816692838782689,1.241862020796238,,🟢 Low,➡️,2026-10-05T00:24Z
ZTS,Zoetis,Health Care,Pharmaceuticals,0001555280,True,2026-06-30,10-Q,2026-03-31,10-Q,0.059819902470057314,0.06385160804397012,-0.00403170557391281,0.059819902470057314,0.06385160804397012,0.11662030851941528,0.1164848154966404,3.7893900889453622,3.083939835031538,0.17728991178616435,,0.2823492130558783,0.28487099555614515,0.9718776945015587,,0.2638947103696873,0.6279100616833587,🟢 Low,➡️,2026-10-05T00:24Z
